,draw_rate,diff_goals,streak
Man City,0.095588,248,26
Villarreal,0.258621,59,7
Chaves,0.0,0,0
Sporting,0.176471,66,3
Desp. Aves,0.111111,47,7
Tranmere,0.235294,10,0
Morton,0.304878,17,1
Levante,0.282828,1,4
Espanyol,0.263158,23,2
Tenerife,0.291262,9,0
Granada,0.210526,32,10
Sydney FC,0.20339,40,1
The New Saints,0.157143,128,3
Aberystwyth,0.237288,36,0
Nantes,0.235955,6,0
Chelsea,0.221374,94,2
Huddersfield,0.226415,66,0
Wolves,0.267241,26,1
Bournemouth,0.230769,11,3
West Ham,0.206186,4,0
Newcastle,0.26,26,1
Santa Clara,0.275,10,0
Nacional,0.0,0,0
Boavista,0.24359,24,5
Braga,0.136364,61,1
Portimonense,0.265823,35,3
Rio Ave,0.320988,5,0
Newcastle Jets,0.210526,10,6
Met. Police,0.19403,16,7
China,0.0,0,0
South Korea,0.0,0,0
Iran,0.0,0,0
Celta Vigo,0.336957,25,1
Numancia,0.308824,9,16
R Majadahonda,0.0,0,0
Moreirense,0.320513,10,1
Tondela,0.230769,39,0
Porto,0.181034,128,5
M. Tel Aviv,0.230769,113,0
Lille,0.213592,66,2
Bahrain,0.0,0,0
Jordan,0.0,0,0
India,0.0,0,0
Ath Bilbao,0.271845,25,0
Real Betis,0.23301,10,7
Chelsea U21,0.0,0,0
Japan,0.0,0,0
Uzbekistan,0.0,0,0
Qatar,0.0,0,0
Adelaide Utd,0.172414,3,12
Perth Glory,0.258621,30,1
Monaco,0.247191,18,1
Paris St-G.,0.090909,209,3
Bordeaux,0.229885,10,5
Girona,0.254545,9,0
Getafe,0.269231,5,0
Real Madrid,0.193277,98,3
Woking,0.24,1,3
Taunton Town,0.265625,11,5
Gateshead,0.260274,18,2
Bromley,0.270833,14,4
Tottenham,0.20155,83,18
Rochdale,0.236364,60,0
Port Vale,0.278261,8,4
Accrington,0.243243,13,7
Cheltenham,0.234783,31,12
Northampton,0.220339,0,3
Southend,0.235849,103,1
Sunderland,0.338843,79,1
Iraq,0.0,0,0
Saudi Arabia,0.0,0,0
Amiens,0.368421,32,3
Western Sydney,0.224138,10,6
Lyon,0.233645,77,1
Sp. Gijon,0.271845,14,1
Southport,0.263158,4,2
Spennymoor,0.272727,36,1
Slough,0.310811,3,2
Truro City,0.19697,31,8
Brightlingsea R,0.257576,46,7
Whitehawk,0.0,0,0
Poole Town,0.227273,40,6
Tiverton,0.233333,26,9
Havant & W,0.225,28,2
Maidenhead,0.172043,16,4
Salisbury FC,0.271429,40,5
Finland,0.0,0,0
Leeds,0.153846,42,1
Palestine,0.0,0,0
Philippines,0.0,0,0
Kyrgyzstan,0.0,0,0
R. Vallecano,0.323529,9,3
Caen,0.0,0,0
V Guimaraes,0.252632,34,5
Cadiz,0.336735,3,1
Melbourne C,0.169492,30,15
Newry City,0.0,0,0
Lyon Duchere,0.0,0,0
Marignane,0.0,0,0
Entente SSG,0.0,0,0
Nancy,0.0,0,0
Orleans,0.0,0,0
UAE,0.0,0,0
Sociedad,0.28972,41,3
Aris Salonika,0.275862,25,2
Ioannina,0.0,0,0
Cagliari,0.23913,34,2
Roma,0.207207,58,8
H Tel Aviv,0.253165,22,0
Preston,0.201754,4,3
Sheff Utd,0.21,8,19
Fulham,0.216981,25,4
QPR,0.236842,30,0
Millwall,0.355932,7,6
Newport Co,0.266129,10,6
Australia,0.0,0,0
Thailand,0.0,0,0
Syria,0.0,0,0
Eibar,0.301075,23,0
Sevilla,0.19685,70,0
Almeria,0.266667,54,1
Deportivo,0.342466,10,7
Gimnastic,0.0,0,0
Osasuna,0.278351,13,0
Malaga,0.359223,3,1
Belenenses,0.316456,50,0
Vitoria Setubal,0.418182,29,1
Feirense,0.0,0,0
Benfica,0.188034,151,5
Brisbane Roar,0.254545,22,0
Canet Roussillon FC,0.0,0,0
Reims,0.37931,5,1
Rennes,0.256881,17,8
Andrezieux,0.0,0,0
Toulouse,0.229508,42,6
Noisy Le Grand,0.0,0,0
St Pryve-St Hilaire,0.0,0,0
Longueau,0.0,0,0
Pontivy,0.0,0,0
MS Ashdod,0.24359,9,1
Bnei Yehuda,0.284091,13,2
Canterbury City,0.0,0,0
Biggleswade,0.0,0,0
Everton,0.181818,13,9
North Korea,0.0,0,0
Oman,0.0,0,0
Turkmenistan,0.0,0,0
Atl Madrid,0.283186,71,2
Barcelona,0.1875,148,2
Dijon,0.247191,51,11
Marseille,0.234043,8,5
Cordoba,0.0,0,0
Alcorcon,0.316832,27,0
Lugo,0.40404,22,1
Zaragoza,0.230769,6,0
Elche,0.320388,1,0
Levadiakos,0.0,0,0
Panathinaikos,0.303797,19,0
Asteras T.,0.350649,2,0
Torino,0.28125,14,5
Inter,0.25,112,6
Napoli,0.20339,70,3
Beitar J'salem,0.296296,21,2
Southampton,0.22449,17,6
Vietnam,0.0,0,0
Nimes,0.178571,48,1
Guingamp,0.0,0,0
St-Etienne,0.234043,24,4
Juventus,0.186441,107,5
Central Coast M,0.122807,45,0
Grenoble,0.0,0,0
Leganes,0.242424,13,0
Lebanon,0.0,0,0
Umraniyespor,0.0,0,0
Iceland,0.0,0,0
Mansfield,0.336283,8,0
Maidstone,0.246914,10,6
Blackburn,0.221239,11,0
Luton,0.217391,20,6
Stoke,0.307692,18,1
Angers,0.255814,10,0
Valladolid,0.354167,31,0
Valencia,0.262712,13,6
Worthing,0.235294,42,0
Dorchester,0.2,56,6
Walton Casuals,0.193548,40,6
Solihull M,0.240385,37,6
Weymouth,0.270833,34,2
Le Havre,0.0,0,0
Bolton,0.219048,73,4
Genoa,0.318681,38,1
Bursaspor,0.0,0,0
Kasimpasa,0.222222,37,1
Lamia,0.4,37,1
Ironi Kiryat S,0.210526,15,4
Carshalton,0.205128,47,0
Norwich,0.207547,1,0
Hoffenheim,0.255556,18,3
Akhisar B,0.0,0,0
Vitesse Arn.,0.213333,36,0
St. Truiden,0.269231,20,0
Ards,0.0,0,0
Auxerre,0.0,0,0
Metz,0.302632,9,1
Villefranche,0.0,0,0
Tours,0.0,0,0
Rodez,0.0,0,0
Boulogne,0.0,0,0
Sete,0.0,0,0
Burton,0.285714,12,2
Celtic,0.153226,177,0
Hearts,0.247312,17,2
Hamilton,0.26087,64,0
St Johnstone,0.278351,19,2
Kilmarnock,0.191489,17,2
Motherwell,0.193548,1,3
Wellington,0.20339,4,2
Be. Perigord,0.0,0,0
Viry-Chatillon,0.0,0,0
Lewes,0.261538,38,2
Olympiakos,0.161017,157,5
Frosinone,0.0,0,0
Spal,0.169014,48,1
Fiorentina,0.322917,0,2
Nuremberg,0.325301,41,0
Schalke,0.284091,84,2
Extremadura,0.283582,17,7
Willem II,0.178082,31,0
FC Emmen,0.242857,59,0
De Graafschap,0.0,0,0
Ajax,0.104762,185,6
Alanyaspor,0.235294,49,3
Trabzonspor,0.255319,48,1
OFI Crete,0.219512,37,0
Larissa,0.342105,35,6
Xanthi,0.307692,30,2
AEK Athens,0.212766,52,3
Club Brugge,0.231481,100,2
Gent,0.211538,29,3
Mouscron-P,0.278481,13,2
Melbourne Vic,0.172414,25,0
Bastia,0.0,0,0
Vitre,0.0,0,0
Fenerbahce,0.218391,37,0
AFC W'bledon,0.309091,40,1
Plymouth,0.221239,10,0
Forest Green,0.279279,15,1
Yeovil,0.2,9,1
Portsmouth,0.24031,61,3
Bristol R,0.277311,26,4
Bury,0.0,0,0
Leamington,0.324675,1,3
Guiseley,0.253333,4,3
Dorking W,0.178571,77,6
Boluspor,0.0,0,0
Bristol C,0.196581,6,1
Arsenal,0.21875,71,0
Ayr,0.228916,5,0
Hertha Berlin,0.231707,31,5
Besiktas,0.146067,65,0
NAC Breda,0.0,0,0
Royal Antwerp,0.210526,18,4
Ajaccio,0.0,0,0
Cardiff,0.267857,4,1
Sheff Wed,0.25641,22,1
Hull,0.22314,8,0
Nottm Forest,0.274336,10,0
Reading,0.282051,6,0
Ipswich,0.245455,5,0
Brentford,0.229508,85,0
Rotherham,0.19802,7,12
Aston Villa,0.194175,6,1
Wigan,0.274336,29,1
Derby,0.289256,13,1
Charlton,0.269565,10,0
Shrewsbury,0.33913,12,2
Doncaster,0.216216,28,1
Blackpool,0.333333,20,0
Wycombe,0.228571,39,0
Peterborough,0.192982,60,2
Bradford,0.280374,20,2
Grimsby,0.275229,60,0
Lincoln,0.263158,31,1
Macclesfield,0.40625,27,3
Oldham,0.256637,18,2
Crawley,0.265487,7,3
Stevenage,0.36036,28,2
Morecambe,0.263636,39,3
Swindon,0.171429,3,7
MK Dons,0.184211,7,7
Leyton Orient,0.243243,2,3
Salford,0.286957,26,2
Barnet,0.273585,34,3
Aldershot,0.234043,21,3
Eastleigh,0.29,3,3
Halifax,0.28125,15,0
Hartlepool,0.28,23,0
Braintree,0.12,48,7
Fylde,0.26087,22,4
Connah's Q,0.194444,64,2
Llandudno,0.0,0,0
Newi CD,0.220339,29,0
Carmarthen,0.0,0,0
Coleraine,0.230769,57,2
Glentoran,0.217949,56,13
Glenavon,0.233766,17,1
Crusaders,0.177215,54,14
Nuneaton,0.0,0,0
Chorley,0.306818,12,0
Alfreton,0.275362,30,0
York,0.25,35,1
Altrincham,0.257426,48,3
Ashton Utd,0.213115,26,1
Chester,0.282051,19,0
Kidderminster,0.2,2,1
Bradford PA,0.232877,71,0
Hampton & R,0.197368,1,3
Gloucester,0.225352,3,0
Eastbourne,0.341772,19,1
Oxford C,0.202381,2,7
Hemel,0.230769,32,0
Bath City,0.2375,14,3
Dartford,0.246914,22,1
Billericay,0.298701,17,1
Concord R,0.324675,3,0
Wingate & F,0.25,45,1
Folkestone,0.2,41,6
Kingstonian,0.236111,9,13
Merthyr,0.301887,7,1
Kings Langley,0.0,0,0
Basingstoke,0.0,0,0
Staines,0.0,0,0
Hendon,0.258065,17,5
Hartley Wint.,0.245902,1,5
Wimborne T,0.209677,21,4
Whitby,0.193548,6,2
Workington,0.0,0,0
Warrington,0.318182,40,2
Hyde,0.2,2,1
Mickleover S,0.169492,5,6
Nantwich,0.234375,16,5
Grantham,0.238095,60,1
Matlock,0.2,25,1
Hednesford,0.0,0,0
Marine,0.0,0,0
USA,0.0,0,0
Empoli,0.0,0,0
Alaves,0.263736,63,1
Ankaragucu,0.2625,45,5
Basaksehir,0.247525,12,0
Maritimo,0.2,32,3
Hapoel Hadera,0.259259,24,2
Linfield,0.103448,106,10
Liverpool,0.184,120,14
Cowdenbeath,0.183099,26,1
Panionios,0.0,0,0
PAOK Salonika,0.268041,89,2
Panetolikos,0.289474,54,5
Slaven,0.296296,35,0
Regensburg,0.341772,14,0
Dyn Dresden,0.25,14,4
Heidenheim,0.268293,13,3
Hamburg,0.292683,33,2
Atalanta,0.232143,106,10
Strasbourg,0.225806,2,3
Merstham,0.166667,39,4
Union Berlin,0.27381,7,2
Crystal Palace,0.236559,26,2
St Mirren,0.313131,27,0
Livingston,0.237113,17,0
Chievo,0.0,0,0
Bologna,0.244444,15,5
Parma,0.263736,40,2
Lazio,0.172727,51,16
B Munich,0.121739,219,7
F Dusseldorf,0.261905,29,1
Montpellier,0.275862,7,1
Rizespor,0.25,23,3
Konyaspor,0.3875,17,1
Sivasspor,0.321839,11,2
Albacete,0.284314,24,4
F. Sittard,0.2,60,14
FC Utrecht,0.28,33,6
Feyenoord,0.27907,61,0
Heerenveen,0.347222,13,0
Oostende,0.234568,26,3
Anderlecht,0.35,20,1
Kortrijk,0.15,3,7
Bnei Sakhnin,0.0,0,0
M. Netanya,0.259259,8,3
Nantes II,0.0,0,0
Ajaccio II,0.0,0,0
Man Utd,0.231343,104,3
Swansea,0.254237,39,3
Gillingham,0.280702,1,1
Oxford,0.292683,42,6
Stenh'semuir,0.263158,41,6
Queen of Sth,0.223529,23,7
Bochum,0.271605,17,10
Greuther Furth,0.325,11,0
SV Darmstadt,0.271605,13,0
FC Magdeburg,0.0,0,0
Milan,0.247706,63,3
Gosport Bor,0.261538,8,2
Galatasaray,0.22449,75,2
Din. Bucharest,0.192771,7,2
St Pauli,0.303797,31,2
Las Palmas,0.34,3,0
M. Haifa,0.164835,80,11
Haringey B,0.147059,1,20
Hannover,0.192308,13,0
Huesca,0.273684,8,0
Concordia C,0.0,0,0
Metan Medias,0.240964,6,0
Loko. Zagreb,0.26506,19,3
Ingolstadt,0.0,0,0
Duisburg,0.0,0,0
Paris,0.0,0,0
Brighton,0.33,34,5
Burnley,0.25,28,1
Leicester,0.192661,70,3
Birmingham,0.309735,56,4
West Brom,0.305556,1,1
Coventry,0.351852,9,0
Walsall,0.302752,25,0
Barnsley,0.232759,5,3
Fleetwood,0.298246,28,2
Notts Co,0.267327,38,1
Crewe,0.245455,23,4
Exeter,0.25641,37,6
Partick,0.282051,6,0
Alloa,0.228916,38,0
Inverness CT,0.23913,24,4
Dundee Utd,0.270833,36,1
Forfar,0.205479,23,0
Airdrieonians,0.164384,5,8
Montrose,0.135135,6,1
Brechin,0.185714,93,5
Berwick,0.138462,87,8
Queen's Park,0.260274,18,6
Albion,0.185714,63,1
Elgin City,0.157895,14,1
Stirling,0.219178,2,1
Yemen,0.0,0,0
Forres Mech,0.0,0,0
Fraserburgh,0.0,0,0
Strathspey T,0.0,0,0
Clachnacuddin,0.0,0,0
Rothes,0.0,0,0
Brora Rangers,0.127273,148,5
Keith,0.0,0,0
Buckie Thistle,0.0,0,0
Cove Rangers,0.135135,97,1
Civil Serv Strol,0.196078,1,0
Dalbeattie Star,0.0,0,0
Edinburgh Uni,0.207547,106,0
Spartans,0.092593,28,19
East Kilbride,0.137931,59,4
Edusport Acad,0.113208,18,2
Kelty Hearts,0.116667,123,10
Nice,0.21978,10,1
Reus Deportiu,0.0,0,0
Mallorca,0.19802,6,1
Real Oviedo,0.35,1,0
Atromitos,0.2875,11,1
Sampdoria,0.155556,23,2
Hapoel Ra'ana,0.411765,34,1
H. Haifa,0.341772,21,1
H Beer Sheva,0.245283,3,1
Cliftonville,0.1875,35,1
Ballymena,0.1875,7,3
Institute FC,0.0,0,0
Bala Town,0.1875,27,4
Newtown,0.20339,31,6
Barry Town,0.213115,0,10
Burgess Hill,0.0,0,0
Tonbridge,0.210526,2,9
Corinthian Cas,0.258065,29,0
Potters Bar,0.246154,15,4
Harlow,0.0,0,0
Swindon Sup.,0.1875,12,1
Beaconsfield,0.241935,46,3
Gainsborough,0.193548,9,9
Bamber Br.,0.125,31,9
Farsley AFC,0.220779,23,3
Stalybridge,0.180328,31,0
Scarborough A,0.209677,2,2
Buxton,0.285714,24,4
Basford United,0.2,25,10
Lancaster,0.353846,16,0
Witton,0.225806,6,9
Dover,0.2125,13,4
Wrexham,0.232323,0,1
Ramsbottom,0.0,0,0
Blyth Sptns,0.222222,62,1
Chesterfield,0.234043,7,10
Stockport,0.230769,50,0
Hereford,0.376623,10,1
Romorantin,0.0,0,0
Stade Bordelais,0.0,0,0
Sedan,0.0,0,0
Istres,0.0,0,0
B Dortmund,0.171429,86,0
IC Croix Football,0.0,0,0
Dungannon Sw,0.135135,88,10
Welling,0.2,15,2
Bishop's St.,0.169231,4,1
Margate,0.279412,16,6
Aberdeen,0.271845,25,1
Dundee,0.2375,11,6
Lugano,0.431818,9,6
St Gallen,0.222222,19,1
Holstein Kiel,0.296296,27,0
RB Leipzig,0.235849,107,1
Udinese,0.244444,24,1
Augsburg,0.195122,44,4
Stuttgart,0.270588,14,2
Erzurum B,0.0,0,0
Antalyaspor,0.369048,38,2
Excelsior,0.0,0,0
PSV Eindhoven,0.234043,85,1
PEC Zwolle,0.271429,26,6
Den Haag,0.285714,62,3
SV Sandhausen,0.265823,23,1
Apollon Smyrni,0.0,0,0
St Liege,0.252632,19,0
Osijek,0.228916,48,2
Rijeka,0.195876,43,2
Grasshoppers,0.0,0,0
Voluntari,0.252874,25,2
Viitorul C,0.341176,30,0
Biggleswade United,0.0,0,0
Mainz,0.15,44,2
Sigma O.,0.314286,12,4
Dukla Prague,0.0,0,0
Miedz Legnica,0.0,0,0
Lech Poznan,0.284091,35,1
NK Rudes,0.0,0,0
Kayserispor,0.2625,54,5
Cologne,0.234568,21,0
Aarhus,0.233766,42,0
Astra Giurgiu,0.269231,3,0
Genk,0.235955,16,0
Llanelli,0.0,0,0
Ross County,0.185567,36,11
Botosani,0.27907,17,0
Steaua,0.211111,65,9
Gornik Zabrze,0.236842,16,0
Vendsyssel,0.0,0,0
Scunthorpe,0.205607,32,1
Colchester,0.318584,1,1
Carlisle,0.236364,21,4
Cambridge U,0.234234,1,9
Sutton Utd,0.28125,13,0
Dag & Red,0.270833,14,3
Middlesbrough,0.254386,8,5
Dunfermline,0.222222,18,2
Raith,0.269663,38,3
Dumbarton,0.202899,22,0
East Fife,0.236111,6,1
Arbroath,0.271605,11,2
Stranraer,0.305556,26,0
Edinburgh C,0.16,27,7
Annan,0.2,2,0
Peterhead,0.211268,10,5
Nairn County,0.0,0,0
Huntly,0.0,0,0
Turriff U,0.0,0,0
Lossiemouth,0.0,0,0
Formartine Utd,0.0,0,0
Inverurie Locos,0.0,0,0
Deveronvale,0.0,0,0
Wick Academy,0.0,0,0
Whitehill W,0.0,0,0
Vale of Leithen,0.0,0,0
Gretna 2008,0.0,0,0
Stirling Univ,0.188679,8,10
BSC Glasgow,0.192308,69,5
E Stirling,0.137255,71,1
Cumbernauld C,0.232143,30,2
Le Puy Foot 43,0.0,0,0
Pontivy Stade,0.0,0,0
Schiltigheim,0.0,0,0
Saint-Quentin,0.0,0,0
Gravelines,0.0,0,0
Red Star Paris,0.0,0,0
Bourges Foot,0.0,0,0
M. Petah Tikva,0.0,0,0
Caernarfon,0.180328,13,3
Cardiff MU,0.222222,1,1
Darlington,0.2,0,6
FC Utd,0.261538,3,4
Boston Utd,0.246753,28,0
Curzon A,0.246575,34,0
Brackley,0.313253,63,3
Telford,0.265823,2,0
Chelmsford,0.253333,3,2
Chippenham,0.289474,24,1
Torquay,0.136842,51,4
Hungerford,0.148649,32,2
Weston S-M.,0.220339,7,5
Dulwich H,0.25974,3,8
E Thurrock,0.163934,8,4
St Albans,0.297297,6,0
Wealdstone,0.164835,20,8
Bognor Regis,0.181818,22,9
Enfield T,0.185714,22,0
Hornchurch,0.269231,54,0
Leatherhead,0.203125,16,2
Frome,0.0,0,0
Chesham,0.257576,48,3
Farnborough,0.133333,3,7
Harrow Boro,0.25,19,2
Stafford,0.333333,36,1
Willand Rovers,0.0,0,0
Cray Valley PM,0.0,0,0
Sunderland RCA,0.0,0,0
Deeping R,0.0,0,0
AFC Uckfield Town,0.0,0,0
Bearsted,0.0,0,0
Chertsey Town,0.0,0,0
Coventry United,0.0,0,0
Newcastle B,0.0,0,0
Histon,0.0,0,0
Cribbs,0.0,0,0
Irlam FC,0.0,0,0
Hebburn Town,0.0,0,0
Godmanchester,0.0,0,0
Irvine,0.0,0,0
Watford,0.231481,6,10
Harrogate,0.1875,21,14
Boreham W,0.34375,3,0
Ebbsfleet,0.285714,15,7
Barrow,0.27451,30,15
Auchinleck,0.0,0,0
Hibernian,0.245098,33,0
E Frankfurt,0.259259,32,1
B Leverkusen,0.148148,76,5
Malatyaspor,0.27381,20,0
W Beveren,0.217949,78,2
KAS Eupen,0.278481,43,1
Waregem,0.234568,17,5
AZ Alkmaar,0.225806,99,12
FC Groningen,0.208333,11,1
Warrenpoint T,0.178082,84,0
South Shields,0.202703,70,6
Lens,0.0,0,0
Vendee Les Herbiers,0.0,0,0
Sassuolo,0.306818,2,3
W Bremen,0.292135,9,3
Dunarea Calarasi,0.0,0,0
CSMS Iasi,0.232558,60,5
Uni Craiova,0.2,33,5
Goztepe,0.271605,6,3
Hobro IK,0.0,0,0
Aalborg,0.24,3,4
Nordsjaelland,0.32,6,2
FC Copenhagen,0.185567,52,1
Erzegbirge A,0.21519,9,2
Cercle Bruges,0.101266,65,4
NK Inter,0.185185,63,15
Hajduk Split,0.146341,37,1
Arka Gdynia,0.277778,22,3
Wisla Plock,0.25,17,0
FC Sion,0.296296,30,0
Thun,0.237288,36,2
Neuc. Xamax,0.277778,41,5
Sparta Prague,0.166667,60,0
Slavia Prague,0.209524,151,3
Rapid Vienna,0.188235,57,0
FK Krasnodar,0.258065,29,3
Bate Borisov,0.175,86,0
Shakhtar,0.204301,91,10
Malmo,0.238636,108,2
FC Zurich,0.204819,47,1
Viktoria Plzen,0.180723,61,3
Lucerne,0.211765,12,0
Wisla Krakow,0.197368,8,2
Midtjylland,0.164706,42,1
Teplice,0.271429,49,0
Pogon Szczecin,0.302632,10,5
Piast Gliwice,0.204819,33,1
SC Paderborn,0.228916,17,0
SonderjyskE,0.242857,18,3
Vereya Stara,0.0,0,0
Vozdovac,0.202703,0,4
Dundalk,0.205128,46,1
Bohemians D.,0.209677,29,0
Derry City,0.288136,22,1
Waterford,0.16129,11,4
St Patrick's,0.283333,14,1
Chateauroux,0.0,0,0
Rangers,0.177419,195,0
Falkirk,0.32,61,0
CFR Cluj,0.259259,83,5
Arminia,0.278481,17,3
Din Zagreb,0.150442,145,17
NK Istra 1961,0.25,76,0
Young Boys,0.226415,112,2
MTK,0.0,0,0
Debrecen,0.192308,13,0
MOL Vidi,0.268293,49,2
Szombathelyi H,0.0,0,0
Diosgyor,0.175676,35,0
Ferencvaros,0.254902,90,1
Sholing,0.0,0,0
Petershill,0.0,0,0
Clyde,0.155844,3,1
Gala Fairydean,0.215686,16,2
Freiburg,0.271605,11,5
B M'gladbach,0.226804,38,8
Wolfsburg,0.247423,41,6
Charleroi,0.253012,40,0
Lokeren,0.0,0,0
Heracles,0.180556,13,0
VVV Venlo,0.157143,73,10
Pau,0.0,0,0
Dunav Ruse,0.0,0,0
Loko. Plovdiv,0.263158,34,1
Vitosha Bistritsa,0.0,0,0
Saprissa,0.0,0,0
Independiente La Chorrera,0.0,0,0
Guastatoya,0.0,0,0
Slavia Sofia,0.211268,11,4
Ludogorets,0.262626,96,0
CSKA Sofia,0.306818,63,2
Zenit,0.2,90,3
RB Salzburg,0.142857,157,21
Dynamo Kiev,0.242105,66,5
Kazakhstan,0.0,0,0
Beroe Stara,0.15942,18,1
Marathon,0.0,0,0
Atletico Pantoja,0.0,0,0
Alianza,0.0,0,0
AC Horsens,0.246377,51,2
OB Odense,0.253333,3,3
Randers Freja,0.205479,14,1
Esbjerg,0.22,30,4
Jablonec,0.207792,12,4
Zaglebie Lubin,0.236842,16,6
Legia Warsaw,0.164835,63,5
Basel,0.196078,79,3
Etar Veliko Tarnovo,0.308824,29,0
PFC Septemvri Sofia,0.0,0,0
Levski Sofia,0.25,25,2
Rad Beograd,0.186667,69,1
Dinamo Vranje,0.0,0,0
Wiener Neustadt,0.0,0,0
Opava,0.287671,71,5
Slask Wroclaw,0.263158,15,0
Sligo Rovers,0.233333,6,1
Slovan Liberec,0.183908,23,4
Korona Kielce,0.222222,33,2
Sepsi Sfantu G,0.402439,2,0
LASK Linz,0.125,92,10
Vojvodina NS,0.210526,23,1
Limerick,0.0,0,0
Cabinteely,0.25,3,8
Galway FC,0.24,1,0
Athlone Town,0.0,0,0
Drogheda,0.132075,43,9
UCD,0.133333,47,0
Cork City,0.25,40,1
Finn Harps,0.2,44,6
Shamrock R,0.212121,83,0
Kansas City,0.2,11,1
Herediano,0.0,0,0
Argentina Women,0.0,0,0
NY Red Bulls,0.177419,0,4
Santos Laguna,0.0,0,0
Monterrey,0.0,0,0
Cuba,0.0,0,0
Fort William,0.0,0,0
England Women,0.0,0,0
Toronto FC,0.269841,7,6
Tigres,0.0,0,0
Houston,0.213115,21,3
China Women,0.0,0,0
Gazovik Orenburg,0.0,0,0
Banik Ostrava,0.272727,1,3
Macva Sabac,0.213333,76,21
Wexford Yth,0.0,0,0
Shelbourne,0.0,0,0
Bray,0.16,34,0
Atlanta U,0.138462,9,6
Toluca,0.0,0,0
Brondby,0.185185,35,0
Triglav,0.150943,56,2
Domzale,0.25,18,1
NK Krsko,0.0,0,0
Mattersburg,0.0,0,0
Hartberg,0.25,48,0
Cracovia,0.2125,8,1
Cukaricki,0.253165,49,1
Arsenal Kiev,0.0,0,0
Vorskla Poltava,0.328125,22,4
R. Rostov,0.264706,1,2
Italy Women,0.0,0,0
Los Angeles FC,0.234375,56,3
El Salvador,0.0,0,0
MFK Karvina,0.297297,41,2
Zlin,0.15493,39,1
Mlada Boleslav,0.291139,4,0
Lechia Gdansk,0.240506,1,2
Vejle BK,0.0,0,0
Mezokovesd SE,0.24,12,1
Kisvarda,0.22973,5,8
Honved,0.296296,4,0
Paksi SE,0.27027,17,1
Ujpest Dozsa,0.216216,13,12
USA Women,0.0,0,0
Japan Women,0.0,0,0
Longford T,0.166667,24,0
Poland Women,0.0,0,0
Canada Women,0.0,0,0
South Korea Women,0.0,0,0
Nigeria Women,0.0,0,0
Scotland Women,0.0,0,0
Zemun,0.0,0,0
Radnik Surdulica,0.226667,12,1
Mladost Lucani,0.236842,22,1
Partizan,0.11828,126,17
Australia Women,0.0,0,0
Hermannstadt,0.364706,41,1
B. 1905,0.27027,6,0
Dukla Pribram,0.219178,80,0
Synot,0.271429,25,5
HNK Gorica,0.3,24,1
Jagiellonia,0.223684,11,4
Zaglebie Sos,0.0,0,0
Botev Vratsa,0.238806,20,13
Cherno More,0.275362,7,0
Botev Plovdiv,0.305556,26,0
Backa Palanka,0.0,0,0
Proleter Novi Sad,0.256757,30,7
Radnicki Nis,0.205128,24,1
Red Star,0.160377,157,6
Puskas FA FC,0.253333,8,9
Terek Grozny,0.283582,27,4
Bolivia,0.0,0,0
FC Ufa,0.333333,28,2
Yen. Krasnoyarsk,0.0,0,0
Spartak Moscow,0.197183,23,8
Sturm Graz,0.178082,11,0
Aus. Vienna,0.293333,2,2
W. Innsbruck,0.0,0,0
NK Aluminij,0.2375,17,4
Rudar Velenje,0.301887,54,0
ND HIT Gorica,0.0,0,0
Zorya,0.233766,29,12
Olimpik Donetsk,0.225806,28,6
Karpaty Lvov,0.0,0,0
Oleksandria,0.283784,5,2
LA Galaxy,0.125,20,1
San Jose,0.2,19,0
Seattle,0.25,25,4
DC United,0.293103,16,5
Colorado,0.188679,4,10
Cobh,0.0,0,0
Din. Moscow,0.268657,1,8
Anzhi,0.0,0,0
Admira Wacker,0.279412,55,0
Sp Subotica,0.162162,13,0
New York City,0.21875,31,1
Malaysia,0.0,0,0
Wales,0.0,0,0
Germany,0.0,0,0
Denmark U21,0.0,0,0
Cyprus,0.0,0,0
Belgium,0.0,0,0
N Ireland,0.0,0,0
Netherlands,0.0,0,0
Israel,0.0,0,0
N Macedonia,0.0,0,0
Croatia,0.0,0,0
Austria,0.0,0,0
Slovakia,0.0,0,0
Kosovo,0.0,0,0
Germany U21,0.0,0,0
Spain U21,0.0,0,0
England U21,0.0,0,0
Italy U21,0.0,0,0
Bulgaria,0.0,0,0
Albania,0.0,0,0
Portugal,0.0,0,0
Luxembourg,0.0,0,0
England,0.0,0,0
Andorra,0.0,0,0
Moldova,0.0,0,0
Argentina,0.0,0,0
Switz'land U21,0.0,0,0
Nigeria,0.0,0,0
Burkina Faso,0.0,0,0
Botswana,0.0,0,0
Algeria,0.0,0,0
Malawi,0.0,0,0
Tunisia,0.0,0,0
Ural Sver. Oblast,0.348485,29,2
Arsenal Tula,0.220588,20,7
Lok. Moscow,0.265823,15,9
Rubin,0.30303,16,4
Altach,0.228571,28,5
St Polten,0.289855,60,0
NS Mura,0.352941,40,0
O. Ljubljana,0.22093,61,2
Desna,0.19697,26,4
Ch. Odessa,0.0,0,0
Philadelphia U,0.196721,32,6
Orlando City,0.31746,7,1
Dallas,0.293103,11,1
Columbus Crew,0.225806,14,8
Vancouver W,0.189655,39,18
Wolfsberger,0.232558,22,12
Cincinnati,0.189655,68,10
NK Celje,0.277108,30,0
Maribor,0.288889,56,0
Napredak,0.22973,35,0
Mariupol,0.298507,28,0
Lviv,0.222222,70,5
Northwich,0.0,0,0
West Auck T,0.0,0,0
San Marino,0.0,0,0
Hungary,0.0,0,0
Slovenia,0.0,0,0
Poland,0.0,0,0
Dominican Rep,0.0,0,0
Canada,0.0,0,0
Haiti,0.0,0,0
New England,0.322581,3,7
France U21,0.0,0,0
Central Africa,0.0,0,0
DR Congo,0.0,0,0
Tanzania,0.0,0,0
Benin,0.0,0,0
Libya,0.0,0,0
Zimbabwe,0.0,0,0
Turkey,0.0,0,0
France,0.0,0,0
Montenegro,0.0,0,0
Myanmar,0.0,0,0
Azerbaijan,0.0,0,0
Barbados,0.0,0,0
Uruguay,0.0,0,0
Armenia,0.0,0,0
Ireland,0.0,0,0
Italy,0.0,0,0
Norway,0.0,0,0
Romania,0.0,0,0
Bosnia-Hz.,0.0,0,0
Malta,0.0,0,0
Switzerland,0.0,0,0
Ivory Coast,0.0,0,0
Senegal,0.0,0,0
Ghana,0.0,0,0
Morocco,0.0,0,0
Nicaragua,0.0,0,0
Gibraltar,0.0,0,0
Czech Rep,0.0,0,0
Poland U21,0.0,0,0
Peru,0.0,0,0
Honduras,0.0,0,0
Costa Rica,0.0,0,0
Mexico,0.0,0,0
Kryliya Sovetov,0.0,0,0
FC Minsk,0.241935,21,0
Gomel,0.0,0,0
Djurgaardens,0.19697,47,8
Elfsborg,0.390625,12,0
Stabaek,0.366667,2,1
CSKA Mosc.,0.246914,29,5
Chicago,0.350877,2,1
Real Salt Lake,0.210526,8,3
France Women,0.0,0,0
Cameroon Women,0.0,0,0
Westerlo,0.0,0,0
Falkenbergs FF,0.253968,56,1
AIK Solna,0.225352,20,0
Kalmar,0.338462,36,0
Helsingborgs,0.283333,35,1
AFC Eskilstuna,0.0,0,0
Ranheim,0.0,0,0
Stromsgodset,0.3,29,3
Viking,0.262295,13,1
Sarpsborg,0.383333,20,1
Bodo Glimt,0.190476,97,3
Dinamo Minsk,0.164179,15,0
Torpedo Zh,0.21875,18,10
FC Slutsk,0.180328,44,0
HJK Helsinki,0.357143,42,0
KPS Kuopio,0.280702,31,5
KFCO Beerschot-W,0.0,0,0
Brazil Women,0.0,0,0
VPS Vaasa,0.0,0,0
IK Sirius,0.269841,21,1
Norrkoping,0.246377,47,5
Orebro,0.206349,18,10
Rosenborg,0.25,34,0
Georgia,0.0,0,0
Sweden,0.0,0,0
Liechtenstein,0.0,0,0
Spain,0.0,0,0
Niger,0.0,0,0
Guadeloupe,0.0,0,0
Antigua & Barb,0.0,0,0
Guyana,0.0,0,0
Guatemala,0.0,0,0
Brazil,0.0,0,0
Cameroon,0.0,0,0
Mali,0.0,0,0
Zambia,0.0,0,0
Guinea-Bissau,0.0,0,0
Burundi,0.0,0,0
Spain Women,0.0,0,0
Holland Women,0.0,0,0
Chile Women,0.0,0,0
Gorodeya,0.25,16,0
Austria Women,0.0,0,0
Germany Women,0.0,0,0
Norway Women,0.0,0,0
Molde,0.180723,95,3
Brann,0.3125,18,1
Dnyapro,0.0,0,0
Lincoln R I,0.0,0,0
HIFK Helsinki,0.27451,2,5
Honka,0.288462,20,4
Shakhtyor,0.213333,77,4
Livorno,0.0,0,0
Enosis,0.0,0,0
SJK,0.0,0,0
FK Qarabag,0.254237,60,1
RoPS,0.156863,50,18
KPV Kokkola,0.0,0,0
FC Lahti,0.36,4,2
IFK Goth'burg,0.353846,13,2
Ostersunds FK,0.306452,41,9
Hammarby,0.246154,47,2
Lillestrom,0.0,0,0
Tromso,0.0,0,0
Kristiansund,0.333333,12,1
Haugesund,0.294118,6,2
Slavia Mozyr,0.242424,10,5
Dinamo Brest,0.166667,77,0
Cremonese,0.0,0,0
Ilves Tampere,0.3,17,4
Odd Grenland,0.183333,6,3
Valerenga,0.333333,13,1
Isloch Minsk,0.25,10,2
Vitebsk,0.34375,25,0
Hacken,0.323077,37,0
Energetyk-BDU,0.225806,15,8
S. Bratislava,0.0,0,0
AEK Larnaca,0.0,0,0
Ap Limassol,0.0,0,0
Neman Grodno,0.209677,3,0
Stade Brest,0.239437,9,0
Union St Gilloise,0.0,0,0
Qabala,0.0,0,0
Sweden Women,0.0,0,0
Sundsvall,0.0,0,0
Mjondalen,0.25,33,3
Torpedo Minsk,0.0,0,0
Minnesota U,0.266667,26,3
Lynx,0.0,0,0
FC Inter,0.153846,30,0
Montreal Imp,0.142857,25,10
Lecce,0.18,33,1
Mariehamn,0.207547,18,7
Valletta,0.0,0,0
Perugia,0.0,0,0
Brescia,0.185185,35,2
Tre Penne,0.0,0,0
F91 Dudelange,0.0,0,0
St Joseph's,0.0,0,0
Shkendija,0.0,0,0
DAC,0.0,0,0
Hamrun Spar,0.0,0,0
Maldon & T,0.0,0,0
Partizan Tirana,0.0,0,0
Zira,0.0,0,0
Belshina,0.0,0,0
Smolevichi-STI,0.0,0,0
Rukh Brest,0.0,0,0
Karlsruhe,0.3125,2,0
Wehen-Wiesb.,0.0,0,0
Osnabruck,0.290323,19,1
C. Budejovice,0.25,7,0
Stal Mielec,0.0,0,0
Silkeborg,0.0,0,0
FK Indija,0.101695,49,3
Kaposvar,0.0,0,0
Lyngby,0.232143,37,5
Swarovski Wattens,0.259259,29,0
LKS Lodz,0.0,0,0
Kolos Kovalivka,0.206897,14,2
Dnipro-1,0.16,8,2
Backa Topola,0.25,41,0
Tsarsko Selo,0.207547,25,0
Famalicao,0.35,12,1
Gil Vicente,0.229508,18,13
Saarbrucken,0.0,0,0
Arda,0.365385,1,6
Ponferradina,0.311688,5,0
Tabor Sezana,0.206349,11,2
NK Varazdin,0.209677,45,6
Javor,0.275862,26,1
H. Kfar Saba,0.216667,26,2
Fuenlabrada,0.423077,13,3
Aalesund,0.0,0,0
Varbergs Bois,0.0,0,0
Mjallby,0.0,0,0
Sektzia Nes Tziona,0.0,0,0
Mirandes,0.3125,0,1
Genclerbirligi,0.238095,42,4
Gazisehir,0.375,9,0
Rakow Czestochowa,0.20339,5,0
Sochi,0.296296,15,2
Zalaegerszeg,0.254237,1,1
Racing,0.0,0,0
Volos NFC,0.283333,33,0
Bravo Publikum,0.322581,3,1
IK Start,0.0,0,0
Chindia Targoviste,0.257576,27,0
Pacos Ferreira,0.189655,6,6
Academica Clinceni,0.352941,23,0
Verona,0.306667,2,4
Denizlispor,0.238095,41,0
Servette,0.3125,9,6
Sandefjord,0.0,0,0
Tambov,0.150943,33,4
FC Haka,0.0,0,0
TPS Turku,0.0,0,0
Benevento,0.0,0,0
Cittadella,0.0,0,0
Dunajska Streda,0.0,0,0
Zilina,0.0,0,0
Trapani,0.0,0,0
Crotone,0.0,0,0
TB Tvoroyri,0.0,0,0
KF Tirana,0.0,0,0
FC Sheriff,0.0,0,0
Inter Miami CF,0.0,0,0
NSI Runavik,0.0,0,0
Spezia,0.0,0,0
Riteriai,0.0,0,0
Milsami Orhei,0.0,0,0
FK Suduva,0.0,0,0
Laci,0.0,0,0
Portland Timb.,0.241935,18,0
Shamrock R B,0.0,0,0
Teuta,0.0,0,0
Krupa na Vrbasu,0.0,0,0
HB Torshavn,0.0,0,0
Salernitana,0.0,0,0
Ascoli,0.0,0,0
Western United,0.0,0,0
CSKA 1948 Sofia,0.0,0,0
Kauno Zalgiris,0.0,0,0
Vaduz,0.0,0,0
IF Fuglafjordur,0.0,0,0
KF Drita,0.0,0,0
R Volgograd,0.0,0,0
Novi Pazar,0.0,0,0
Metalac,0.0,0,0
Zlatibor Cajetina,0.0,0,0
Floresti,0.0,0,0
O-H Leuven,0.0,0,0
Tre Fiori,0.0,0,0
Khimki,0.0,0,0
PFC Montana,0.0,0,0
Senica,0.0,0,0
Mechelen,0.233333,1,0
Budafoki,0.0,0,0
Sarajevo,0.0,0,0
FC Santa Coloma,0.0,0,0
Ararat-Armenia,0.0,0,0
Flora Tallinn,0.0,0,0
Dinamo Tbilisi,0.0,0,0
Buducnost P.,0.0,0,0
Floriana FC,0.0,0,0
Belchatow,0.0,0,0
Trencin,0.0,0,0
Engordany,0.0,0,0
Ki Klaksvik,0.0,0,0
Arges Pitesti,0.0,0,0
P Niedercorn,0.0,0,0
Metta Riga,0.0,0,0
Nashville MLS,0.0,0,0
Radnik Bijeljina,0.0,0,0
UT Arad,0.0,0,0
Lorient,0.0,0,0
Warta Poznan,0.0,0,0
Inhulets Petrove,0.0,0,0
Riga FC,0.0,0,0
FC Brno,0.0,0,0
Sibenik,0.0,0,0
Pafos,0.0,0,0
Makedonija,0.0,0,0
FK Pohronie,0.0,0,0
Ordabasy,0.0,0,0
Ventspils,0.0,0,0
Kairat Almaty,0.0,0,0
B. Banja Luka,0.0,0,0
Neftchi Baku,0.0,0,0
Sumqayit,0.0,0,0
Alashkert,0.0,0,0
Zalgiris,0.0,0,0
Keshla,0.0,0,0
Gjilani,0.0,0,0
Loko. Tbilisi,0.0,0,0
Hafnarfjordur,0.0,0,0
FK Iskra,0.0,0,0
Zrinjski Mostar,0.0,0,0
Kukesi,0.0,0,0
Petrocub,0.0,0,0
B36 Torshavn,0.0,0,0
P Bielsko-Biala,0.0,0,0
Koper,0.0,0,0
Pardubice,0.0,0,0
Ermis,0.0,0,0
Astana,0.0,0,0
Cray W,0.0,0,0
Kidlington,0.0,0,0
Sauchie,0.0,0,0
Penybont,0.0,0,0
Larne,0.293103,44,1
SC Verl,0.0,0,0
Horsham,0.0,0,0
Yate,0.0,0,0
Tadcaster Alb.,0.0,0,0
Three Bridges,0.0,0,0
Lip. Stiavnica,0.0,0,0
Oravska Poruba,0.0,0,0
Vodojaza,0.0,0,0
Ukraine,0.0,0,0
Haughmond,0.0,0,0
Sp C Thamesmead,0.0,0,0
Lithuania,0.0,0,0
Rwanda,0.0,0,0
Egypt,0.0,0,0
Venezuela,0.0,0,0
Cheshunt,0.0,0,0
Hanwell Town,0.0,0,0
Haywards H'th T,0.0,0,0
Bedford,0.0,0,0
City of Liverpool,0.0,0,0
Bangladesh,0.0,0,0
Belarus,0.0,0,0
Latvia,0.0,0,0
Russia,0.0,0,0
Serbia,0.0,0,0
FK Trepca,0.0,0,0
Trinidad,0.0,0,0
Alverca,0.0,0,0
Scotland,0.0,0,0
Estonia,0.0,0,0
South Africa,0.0,0,0
Kenya,0.0,0,0
Ecuador,0.0,0,0
White Ensign,0.0,0,0
Kennington,0.0,0,0
Southall,0.0,0,0
Cambridge C,0.0,0,0
Pickering Town,0.0,0,0
Beckenham T,0.0,0,0
Romsey Town,0.0,0,0
Corby,0.0,0,0
Bonnyrigg Rose,0.0,0,0
Cova Piedade,0.0,0,0
Chemnitzer,0.0,0,0
Ruzomberok,0.0,0,0
All Dudelange,0.0,0,0
Stourbridge,0.0,0,0
Westside,0.0,0,0
Fola Esch,0.0,0,0
Mongolia,0.0,0,0
Indonesia,0.0,0,0
Cambodia,0.0,0,0
Chinese Taipei,0.0,0,0
Singapore,0.0,0,0
Tajikistan,0.0,0,0
Sri Lanka,0.0,0,0
Faroe Islands,0.0,0,0
Greece,0.0,0,0
Chile,0.0,0,0
Denmark,0.0,0,0
Blackfield & L,0.0,0,0
Hayes & Y,0.27451,29,0
Morpeth Town,0.0,0,0
Tunbridge Wells,0.0,0,0
S Walden T,0.0,0,0
Uttoxeter Town,0.0,0,0
Raynes Park Vale,0.0,0,0
Bitton,0.0,0,0
Egham Town,0.0,0,0
Bournem'th FC,0.0,0,0
East Grinstead Town,0.0,0,0
Halesowen,0.0,0,0
Witham Town,0.0,0,0
Canvey Isl.,0.0,0,0
Ware,0.0,0,0
Sevenoaks T,0.0,0,0
Stocksbridge,0.0,0,0
Cinderford,0.0,0,0
Winchester City,0.0,0,0
Horndean,0.0,0,0
Thame Utd,0.0,0,0
FC Schaffhausen,0.0,0,0
Chichester C,0.0,0,0
FC Twente,0.301887,8,0
Lowestoft,0.0,0,0
Kidsgrove Ath,0.0,0,0
Sutton Cold.,0.0,0,0
Sp. Rotterdam,0.245283,9,0
Airbus UK,0.0,0,0
Carrick Rangers,0.116667,50,1
Radcliffe Boro,0.0,0,0
Kaiserslautern,0.0,0,0
SC Freiburg (Am),0.0,0,0
Crossgates P,0.0,0,0
Penicuik Athletic,0.0,0,0
Nea Salamis,0.0,0,0
Zemplin Michalovce,0.0,0,0
Le Mans,0.0,0,0
Niort,0.0,0,0
Carlton Town,0.0,0,0
Broxburn Ath,0.0,0,0
Opatija,0.0,0,0
BKV Elore,0.0,0,0
Ebreichsdorf,0.0,0,0
Lausanne,0.0,0,0
Okzhetpes,0.0,0,0
Bowers & Pitsea,0.0,0,0
Banbury,0.0,0,0
Soham Town R,0.0,0,0
Prescott Cabl.,0.0,0,0
Peterborough Sports,0.0,0,0
Paulton,0.0,0,0
Leek,0.0,0,0
Bromsgrove S,0.0,0,0
Runcorn Linnets,0.0,0,0
Atherton Colls,0.0,0,0
Dunston UTS,0.0,0,0
Stratford,0.0,0,0
Felixstowe & W,0.0,0,0
Cosenza,0.0,0,0
Thornbury Town,0.0,0,0
Tobol,0.0,0,0
Differdange 03,0.0,0,0
Wythenshawe Town,0.0,0,0
Abbey Rangers,0.0,0,0
Christchurch,0.0,0,0
Clay Cross Town,0.0,0,0
Walsall Wood,0.0,0,0
Petersfield Town,0.0,0,0
Lutterworth T,0.0,0,0
Shepshed D,0.0,0,0
Stamford,0.0,0,0
Apoel Nicosia,0.0,0,0
Royston,0.0,0,0
Tamworth,0.0,0,0
Whyteleafe,0.0,0,0
Lochee Utd,0.0,0,0
RKC Waalwijk,0.207547,47,3
Bahlinger SC,0.0,0,0
Volna,0.0,0,0
Leca,0.0,0,0
Sintra,0.0,0,0
Worcester,0.0,0,0
Tavistock,0.0,0,0
Baffins Milton R,0.0,0,0
Larkhall,0.0,0,0
Grays,0.0,0,0
IK Brage,0.0,0,0
Aveley,0.0,0,0
Maldives,0.0,0,0
Hong Kong,0.0,0,0
Afghanistan,0.0,0,0
Kuwait,0.0,0,0
Martinique,0.0,0,0
King's Lynn,0.228571,1,3
Ascot Utd,0.0,0,0
Thurnby Nir,0.0,0,0
Bedfont Sports,0.0,0,0
Barwell,0.0,0,0
FC Andorra,0.0,0,0
Tolosa,0.0,0,0
Becerril,0.0,0,0
Comillas,0.0,0,0
Fraga,0.0,0,0
Melilla CD,0.0,0,0
Club Atletico Antoniano,0.0,0,0
Ramon y Cajal,0.0,0,0
Intercity S J d'Alacant,0.0,0,0
El Alamo,0.0,0,0
Saltash Utd,0.0,0,0
Malvern Town,0.0,0,0
Rohrbach,0.0,0,0
Shoreham,0.0,0,0
Panama,0.0,0,0
Union Mertert,0.0,0,0
Zlate Moravce,0.0,0,0
Varmamo,0.0,0,0
Bovey Tracey,0.0,0,0
St Ives,0.0,0,0
Biggleswade T,0.0,0,0
Sittingbourne,0.0,0,0
Ashford United,0.0,0,0
Barking,0.0,0,0
AFC Rush & D,0.0,0,0
Heybridge,0.0,0,0
Melksham Town,0.0,0,0
Redditch,0.0,0,0
AFC Totton,0.0,0,0
AFC Dunstable,0.0,0,0
Westfield,0.0,0,0
Phoenix Sports,0.0,0,0
Basildon United,0.0,0,0
Uxbridge,0.0,0,0
Marlow,0.0,0,0
Chipstead,0.0,0,0
AFC Sudbury,0.0,0,0
Wurzburger FV,0.0,0,0
Krumkachy,0.0,0,0
Camelon Jnrs,0.0,0,0
Pordenone,0.0,0,0
Hythe,0.0,0,0
Colombia,0.0,0,0
Kettering,0.313725,5,1
Shildon,0.0,0,0
Shawbury Utd,0.0,0,0
AFC Hayes,0.0,0,0
Chadderton,0.0,0,0
Shrivenham,0.0,0,0
Oxhey Jets,0.0,0,0
AFC Mansfield,0.0,0,0
Huntingdon T,0.0,0,0
Fisher,0.0,0,0
Dunkirk,0.0,0,0
Newport (IOW),0.0,0,0
Norwich United,0.0,0,0
Hadley,0.0,0,0
Peacehaven & T,0.0,0,0
Atherstone T,0.0,0,0
Bradford Town,0.0,0,0
Malmesbury Victoria,0.0,0,0
Stansted,0.0,0,0
Warminster Town,0.0,0,0
Risborough Rangers,0.0,0,0
Nostell M W,0.0,0,0
Grimsby Borough,0.0,0,0
Pinchbeck United,0.0,0,0
Brackley Town Saints,0.0,0,0
Longridge Town,0.0,0,0
Leighton,0.0,0,0
Punjab United,0.0,0,0
Welling Town,0.0,0,0
Coggeshall United,0.0,0,0
Rylands,0.0,0,0
Droitwich Spa,0.0,0,0
Newark Flowserve,0.0,0,0
GNP Sports,0.0,0,0
New Salamis,0.0,0,0
Lopes Tavares London,0.0,0,0
Seaford Town,0.0,0,0
Winterton R,0.0,0,0
Newton Abbot Spurs,0.0,0,0
Abbey Hey,0.0,0,0
Chatham Town,0.0,0,0
Sheppey United,0.0,0,0
Bedfont & Feltham,0.0,0,0
Barrow Town,0.0,0,0
Mildenhall Town,0.0,0,0
Maine Road,0.0,0,0
Jarrow,0.0,0,0
Gresley Rovers,0.0,0,0
Eastbourne T,0.0,0,0
Bottesford Town,0.0,0,0
Seaham Red Star,0.0,0,0
Wroxham,0.0,0,0
Mile Oak,0.0,0,0
Whitton Utd,0.0,0,0
Padiham,0.0,0,0
Torpoint Ath,0.0,0,0
Downton,0.0,0,0
Wellingboro T,0.0,0,0
Racing Club Warwick,0.0,0,0
Westbury Utd,0.0,0,0
Knaresborough Town,0.0,0,0
Tring Athletic,0.0,0,0
Thornaby,0.0,0,0
S Normanton A,0.0,0,0
Bishop's Cleeve,0.0,0,0
Longlevens,0.0,0,0
Exmouth Town,0.0,0,0
Kimberley M W,0.0,0,0
Alsager,0.0,0,0
Sutton Common Rovers,0.0,0,0
Rusthall,0.0,0,0
Harborough T,0.0,0,0
Camelford,0.0,0,0
Lichfield City,0.0,0,0
S'derland R CW,0.0,0,0
Penistone Church,0.0,0,0
Leicester Road,0.0,0,0
N'thampton On C,0.0,0,0
March Town Utd,0.0,0,0
Charnock Richard,0.0,0,0
Heanor Town,0.0,0,0
Selby Town,0.0,0,0
Flackwell Heath,0.0,0,0
Broadfields U,0.0,0,0
Helston Athletic,0.0,0,0
Cullompton R,0.0,0,0
Quorn,0.0,0,0
Barton Rovers,0.0,0,0
Belper Town,0.0,0,0
Tilbury,0.0,0,0
Worksop,0.0,0,0
Cirencester,0.0,0,0
Berkhamsted,0.0,0,0
Highworth,0.0,0,0
Droylsden,0.0,0,0
Trafford,0.0,0,0
Chasetown,0.0,0,0
Great Wakering,0.0,0,0
Ashford (Mdx),0.0,0,0
Newcastle Town,0.0,0,0
Clitheroe,0.0,0,0
Barnstaple T,0.0,0,0
Cleethorpes T,0.0,0,0
Slimbridge,0.0,0,0
Brentwood T,0.0,0,0
Whitstable,0.0,0,0
Evesham,0.0,0,0
Aylesbury,0.0,0,0
Pontefract C,0.0,0,0
VCD Athletic,0.0,0,0
Bedworth Utd,0.0,0,0
Didcot Town,0.0,0,0
Velbert,0.0,0,0
Heston R,0.0,0,0
Wuppertaler,0.0,0,0
Linlithgow Rose,0.0,0,0
Pescara,0.0,0,0
Nepal,0.0,0,0
Ethiopia,0.0,0,0
Bridlington T,0.0,0,0
Rothwell Cor.,0.0,0,0
Waltham Forest,0.0,0,0
Falmouth Town,0.0,0,0
AFC St Austell,0.0,0,0
Corinthian,0.0,0,0
Colney Heath,0.0,0,0
Windsor,0.0,0,0
Newport P T,0.0,0,0
Deal Town,0.0,0,0
Abingdon United,0.0,0,0
Woodbridge T,0.0,0,0
Yorkshire Amateur,0.0,0,0
West Bridgford,0.0,0,0
Milton Keynes Robins,0.0,0,0
Frenford,0.0,0,0
Congleton Town,0.0,0,0
Lye Town,0.0,0,0
Lower Breck,0.0,0,0
Bishop Auck,0.0,0,0
Vauxhall M,0.0,0,0
Sporting Khalsa,0.0,0,0
Stockton T,0.0,0,0
Binfield,0.0,0,0
Brockenhurst,0.0,0,0
Needham M,0.0,0,0
SV Elversberg,0.0,0,0
Everton U21,0.0,0,0
Omonia Nicosia,0.0,0,0
Sabah FK,0.0,0,0
Rangers U20,0.0,0,0
Montagnarde,0.0,0,0
Gennevilliers,0.0,0,0
Newtongrange S,0.0,0,0
Part. Bardejov,0.0,0,0
Casa Pia,0.0,0,0
Colne,0.0,0,0
Hastings Utd,0.0,0,0
Hitchin,0.0,0,0
Orsha,0.0,0,0
Smorgon,0.0,0,0
Homburg,0.0,0,0
Brighton U21,0.0,0,0
Stanway,0.0,0,0
Covilha,0.0,0,0
Bekescsaba,0.0,0,0
FC Liege,0.0,0,0
Hekimoglu Trabzon,0.0,0,0
Altay Izmir,0.0,0,0
Roman Glass St George,0.0,0,0
Guangzhou Ev,0.0,0,0
E. Ettelbruck,0.0,0,0
Logrones,0.0,0,0
Al Sadd (Qatar),0.0,0,0
Vizela,0.0,0,0
San Sebastian,0.0,0,0
CD Tudelano,0.0,0,0
Melilla,0.0,0,0
El Palmar,0.0,0,0
Bergantinos,0.0,0,0
Badalona,0.0,0,0
Sestao,0.0,0,0
Barakaldo,0.0,0,0
Reims II,0.0,0,0
C Leonesa,0.0,0,0
Amorebieta,0.0,0,0
Pena Azagresa,0.0,0,0
Lleida Esportiu,0.0,0,0
Pena Deportiva,0.0,0,0
Llagostera,0.0,0,0
Tamaraceite,0.0,0,0
Laredo,0.0,0,0
Cornella,0.0,0,0
Linares,0.0,0,0
Lorca Dep.,0.0,0,0
Lealtad,0.0,0,0
Coruxo,0.0,0,0
L'Hospitalet,0.0,0,0
Jaen,0.0,0,0
Illueca,0.0,0,0
Langreo,0.0,0,0
Marbella,0.0,0,0
Pena Sport,0.0,0,0
Cacereno,0.0,0,0
Castellon,0.0,0,0
Portugalete,0.0,0,0
Socuellamos,0.0,0,0
Tarazona,0.0,0,0
Zamora,0.0,0,0
Unionistas,0.0,0,0
Escobedo,0.0,0,0
G. Segoviana,0.0,0,0
Hercules,0.0,0,0
Murcia,0.0,0,0
Cartagena,0.0,0,0
AD Ceuta,0.0,0,0
Mensajero,0.0,0,0
Flamengo,0.0,0,0
Valencia II,0.0,0,0
Algeciras,0.0,0,0
Badajoz,0.0,0,0
Jeunesse Evolution,0.0,0,0
Limonest,0.0,0,0
Mulhouse,0.0,0,0
Consett,0.0,0,0
Stowmarket,0.0,0,0
Clacton,0.0,0,0
Westfields,0.0,0,0
Hamworthy United,0.0,0,0
Lancing,0.0,0,0
Glebe,0.0,0,0
Vik Cologne,0.0,0,0
SV Rodinghausen,0.0,0,0
TSV Steinbach,0.0,0,0
Epinal,0.0,0,0
Al-Hilal,0.0,0,0
Belfort,0.0,0,0
Lyon Duchere II,0.0,0,0
B. Munich II,0.0,0,0
Dundonald Bluebell,0.0,0,0
Izarra,0.0,0,0
Unterhaching,0.0,0,0
Boness Utd,0.0,0,0
Hibernians,0.0,0,0
Glacis United,0.0,0,0
Beziers,0.0,0,0
Sutjeska,0.0,0,0
Padova,0.0,0,0
Lions Gibraltar,0.0,0,0
Skala,0.0,0,0
NK Siroki Brijeg,0.0,0,0
Zeta,0.0,0,0
Llapi,0.0,0,0
Folgore Falciano,0.0,0,0
Racing (Lux),0.0,0,0
Ballinamallard U,0.0,0,0
Rabotnicki,0.0,0,0
Flamurtari,0.0,0,0
Gandzasar,0.0,0,0
Lori,0.0,0,0
Mexico Women,0.0,0,0
Gzira United,0.0,0,0
FK Pobeda,0.0,0,0
Inter Club D'Escaldes,0.0,0,0
Jeunesse Esch,0.0,0,0
Hostert,0.0,0,0
Feronikeli,0.0,0,0
Tuzla City,0.0,0,0
Namibia,0.0,0,0
Eswatini,0.0,0,0
Vikingur Gota,0.0,0,0
Troyes,0.0,0,0
Trepca 89,0.0,0,0
Ivory Coast Women,0.0,0,0
Balzan,0.0,0,0
Mons Calpe,0.0,0,0
Comoros,0.0,0,0
KS Luftetari,0.0,0,0
Banants,0.0,0,0
V N Novgorod,0.0,0,0
Renova,0.0,0,0
Mozambique,0.0,0,0
Pyunik Yerevan,0.0,0,0
Shirak Gumri,0.0,0,0
Platanias,0.0,0,0
Belgium Women,0.0,0,0
Palanga,0.0,0,0
Nomme Kalju,0.0,0,0
Lesotho,0.0,0,0
La Fiorita,0.0,0,0
Gosk Gabela,0.0,0,0
Curacao,0.0,0,0
Wales Women,0.0,0,0
Uganda,0.0,0,0
Stjarnan,0.0,0,0
Chikhura Sach.,0.0,0,0
Tom Tomsk,0.0,0,0
Macau,0.0,0,0
Laos,0.0,0,0
Bhutan,0.0,0,0
Paraguay,0.0,0,0
Bermuda,0.0,0,0
Guinea,0.0,0,0
Croatia U21,0.0,0,0
South Africa Women,0.0,0,0
Angola,0.0,0,0
Volyn,0.0,0,0
Guam,0.0,0,0
Brunei,0.0,0,0
Timor-Leste,0.0,0,0
Pakistan,0.0,0,0
Austria U21,0.0,0,0
New Zealand Women,0.0,0,0
Madagascar,0.0,0,0
Jamaica Women,0.0,0,0
Saburtalo,0.0,0,0
Serbia U21,0.0,0,0
Codru Lozova,0.0,0,0
Dag Liepaja,0.0,0,0
Valur,0.0,0,0
Torpedo Kutaisi,0.0,0,0
Thailand Women,0.0,0,0
Marijampole City,0.0,0,0
Sogndal,0.0,0,0
Bryne,0.0,0,0
Ullensaker / Kisa,0.0,0,0
KR Reykjavik,0.0,0,0
Romania U21,0.0,0,0
Jamaica,0.0,0,0
Samtredia,0.0,0,0
Belgium U21,0.0,0,0
Sputnik,0.0,0,0
Maag Tammeka,0.0,0,0
UE Sant Julia,0.0,0,0
KI Klakksvik (DO NOT USE),0.0,0,0
Prishtina,0.0,0,0
Mauritania,0.0,0,0
WIT Georgia,0.0,0,0
H. Kopavogs,0.0,0,0
Sireti,0.0,0,0
Trans Narva,0.0,0,0
Europa,0.0,0,0
V Reykjavik,0.0,0,0
Titograd Podgorica,0.0,0,0
Super Nova,0.0,0,0
Sabail,0.0,0,0
Akademija Pandev,0.0,0,0
Speranta Nisporeni,0.0,0,0
Breidablik,0.0,0,0
FCI Levadia,0.0,0,0
Rigas Futbola Skola,0.0,0,0
Shkupi,0.0,0,0
Spartak Trnava,0.0,0,0
Liberia,0.0,0,0
Union,0.0,0,0
Kottmannsdorf,0.0,0,0
Bourg-Peronnas,0.0,0,0
Pirmasens,0.0,0,0
AEL Limassol,0.0,0,0
Celik Zenica,0.0,0,0
Hamilton U20,0.0,0,0
M'well U20,0.0,0,0
Akhisar Spor Kulubu,0.0,0,0
Blackburn Utd,0.0,0,0
Uerdingen,0.0,0,0
Hansa Rostock,0.0,0,0
Hallescher,0.0,0,0
Cottbus,0.0,0,0
Livingston U20,0.0,0,0
Hibernian U20,0.0,0,0
St. Johnstone U20,0.0,0,0
St Mirren U20,0.0,0,0
Reggina,0.0,0,0
Sudtirol,0.0,0,0
Ravenna,0.0,0,0
Adriese,0.0,0,0
Carrarese,0.0,0,0
Piacenza,0.0,0,0
Monza,0.0,0,0
Pro Patria,0.0,0,0
Catanzaro,0.0,0,0
Triestina,0.0,0,0
Siena,0.0,0,0
Catania,0.0,0,0
Imolese,0.0,0,0
Monopoli,0.0,0,0
Arezzo,0.0,0,0
Potenza,0.0,0,0
S Karagandy,0.0,0,0
Zeljeznicar,0.0,0,0
Etoile Carouge,0.0,0,0
Concordia Basle,0.0,0,0
Kesla FC,0.0,0,0
Virtus Francavilla,0.0,0,0
Pro Vercelli,0.0,0,0
Oberneuland,0.0,0,0
VfB Eichstatt,0.0,0,0
Salmrohr,0.0,0,0
VfB Germania H,0.0,0,0
W Mannheim,0.0,0,0
VfB Lubeck,0.0,0,0
Unione Venezia,0.0,0,0
Virtus Entella,0.0,0,0
Pisa,0.0,0,0
Juve Stabia,0.0,0,0
Aktobe,0.0,0,0
Dinamo-Auto,0.0,0,0
Rigas FS,0.0,0,0
Ross County U21,0.0,0,0
Hearts U20,0.0,0,0
GFC Ajaccio,0.0,0,0
Clermont,0.0,0,0
Noah,0.0,0,0
TuS Rot-Weiss Koblenz,0.0,0,0
Sebail,0.0,0,0
Crumlin U,0.0,0,0
Spartaks Jurmala,0.0,0,0
FC Yerevan,0.0,0,0
Alemannia Aachen,0.0,0,0
TuS Dassendorf,0.0,0,0
08 Villingen,0.0,0,0
Drochtersen/A,0.0,0,0
FC Viktoria 1889,0.0,0,0
Wacker Nord,0.0,0,0
KSV Baunatal,0.0,0,0
SSV Ulm 1846,0.0,0,0
Wurz. Kickers,0.0,0,0
SV Atlas Delmenhorst,0.0,0,0
Eritrea,0.0,0,0
South Sudan,0.0,0,0
Mauritius,0.0,0,0
Djibouti,0.0,0,0
Sao Tome & P,0.0,0,0
Seychelles,0.0,0,0
Chad,0.0,0,0
Somalia,0.0,0,0
Gambia,0.0,0,0
Eq Guinea,0.0,0,0
Sierra Leone,0.0,0,0
Balingen,0.0,0,0
Ramsgate,0.0,0,0
Pully Football,0.0,0,0
SKF Sered,0.0,0,0
Swaziland,0.0,0,0
Togo,0.0,0,0
Sudan,0.0,0,0
Glengad United,0.0,0,0
Dunbar U,0.0,0,0
Daring Echternach,0.0,0,0
Zhetysu,0.0,0,0
Yenisey,0.0,0,0
Baltika,0.0,0,0
Alania Vlad.,0.0,0,0
Dinaz Vyshhorod,0.0,0,0
Francs Borains,0.0,0,0
Eend. Aalst,0.0,0,0
FC Neftochimik,0.0,0,0
Ivancsa,0.0,0,0
Hillerod,0.0,0,0
Wiener Viktoria,0.0,0,0
Wolfsberg (Aus),0.0,0,0
Gonsenheim,0.0,0,0
FK Atyrau,0.0,0,0
Petange,0.0,0,0
Ronse,0.0,0,0
NK Karlovac,0.0,0,0
Mainz II,0.0,0,0
R-Weiss Essen,0.0,0,0
FC Giessen,0.0,0,0
SV Meppen,0.0,0,0
Freienbach,0.0,0,0
Meyrin,0.0,0,0
Hullbridge S,0.0,0,0
AFC Kempston R,0.0,0,0
Daventry Town,0.0,0,0
Welwyn Gard C,0.0,0,0
Bristol Manor F,0.0,0,0
Faversham,0.0,0,0
Dereham Town,0.0,0,0
Mangotsfield,0.0,0,0
Ossett United,0.0,0,0
Bracknell,0.0,0,0
Chalfont St P,0.0,0,0
Lincoln Utd,0.0,0,0
C Zeiss Jena,0.0,0,0
1860 Munich,0.0,0,0
Musselburgh Ath,0.0,0,0
Olimpic Sarajevo,0.0,0,0
Hatayspor,0.0,0,0
Braunschweig,0.0,0,0
TSV Havelse,0.0,0,0
Ternana,0.0,0,0
Kaisar Kyzylorda,0.0,0,0
Sfintul Gheorghe,0.0,0,0
Sileks,0.0,0,0
Ried,0.0,0,0
Minai,0.0,0,0
Wiedenbruck,0.0,0,0
Rielasingen-A,0.0,0,0
FC Eintracht Norderstedt,0.0,0,0
Fatih Karagumruk,0.0,0,0
Carpi,0.0,0,0
Novara,0.0,0,0
Alessandria,0.0,0,0
Pontedera,0.0,0,0
Bari,0.0,0,0
Renate,0.0,0,0
FeralpiSalo,0.0,0,0
Rukh Vynnyky,0.0,0,0
FSV Union Furstenwalde,0.0,0,0
VSG Altglienicke,0.0,0,0
MTV Eintracht Celle,0.0,0,0
FV Engers 07,0.0,0,0
SV Todesfelde,0.0,0,0
RSV Meinerzhagen,0.0,0,0
Flint Town U,0.0,0,0
FK Belasica,0.0,0,0
Sautron,0.0,0,0
Dacia,0.0,0,0
Anorthosis Fam.,0.0,0,0
Vicenza,0.0,0,0
Reggiana,0.0,0,0
Farense,0.0,0,0
Haverfordwest,0.0,0,0
Dilj,0.0,0,0
Widnes,0.0,0,0
Voltigeurs de Chateaubriant,0.0,0,0
Sabadell,0.0,0,0
Northwood,0.0,0,0
Market Drayton,0.0,0,0
Waltham Abbey,0.0,0,0
South Park,0.0,0,0
Lyon II,0.0,0,0
Paris Atletico,0.0,0,0
Thaon,0.0,0,0
Blagnac,0.0,0,0
Saumur,0.0,0,0
Angers SCO II,0.0,0,0
Skelmersdale,0.0,0,0
1. FC Duren,0.0,0,0
Bergerac,0.0,0,0
Angouleme,0.0,0,0
FSV Frankfurt,0.0,0,0
Hoffenheim II,0.0,0,0
Aubagne,0.0,0,0
Beauvais,0.0,0,0
Olympique d'Ales,0.0,0,0
Saint-Louis N,0.0,0,0
Ethnikos Akhna,0.0,0,0
Dudley Sports,0.0,0,0
Reading City,0.0,0,0
Sutton Athletic,0.0,0,0
Wells City,0.0,0,0
Tooting Bec,0.0,0,0
Shirebrook,0.0,0,0
Bugbrooke St Michaels,0.0,0,0
Stone Old Alleynians,0.0,0,0
Mulbarton Wanderers,0.0,0,0
Redcar Athletic,0.0,0,0
Loughbr'gh Un,0.0,0,0
Coventry Sph,0.0,0,0
Whittlesey Athletic,0.0,0,0
Milton Keynes Irish,0.0,0,0
Fakenham Town,0.0,0,0
Lymington T,0.0,0,0
Newhaven,0.0,0,0
Cheadle Town,0.0,0,0
Walsham Le Willows,0.0,0,0
Rainworth M,0.0,0,0
1874 Northwich,0.0,0,0
Clapton,0.0,0,0
Maltby Main,0.0,0,0
Ilford,0.0,0,0
Keynsham Town,0.0,0,0
Bootle,0.0,0,0
Gorleston,0.0,0,0
Bewdley Town,0.0,0,0
Liversedge,0.0,0,0
Hounslow United,0.0,0,0
Aylestone Park,0.0,0,0
Guisborough T,0.0,0,0
Clevedon T,0.0,0,0
Frimley Green,0.0,0,0
New Milton Town,0.0,0,0
Bridgwater T,0.0,0,0
Royal W Bassett T,0.0,0,0
Harrowby United,0.0,0,0
Northampton Sileby Rangers,0.0,0,0
Saltdean United,0.0,0,0
Paget Rangers,0.0,0,0
Steyning Town,0.0,0,0
Norwich CBS,0.0,0,0
St Blazey,0.0,0,0
Ampthill Town,0.0,0,0
Fleet Town,0.0,0,0
Holmesdale,0.0,0,0
Milton United,0.0,0,0
Sandhurst T,0.0,0,0
Loughbr'gh Dy,0.0,0,0
Yaxley,0.0,0,0
Brighouse Town,0.0,0,0
St Neots,0.0,0,0
Glossop,0.0,0,0
Rushall Oly.,0.0,0,0
Leiston,0.0,0,0
Moneyfields,0.0,0,0
Coggeshall T,0.0,0,0
Ashton Athletic,0.0,0,0
VfR Aalen,0.0,0,0
Walton & H,0.0,0,0
Wantage Town,0.0,0,0
Jura Sud,0.0,0,0
Fleury 91,0.0,0,0
Fabregues,0.0,0,0
U S Portsmouth,0.0,0,0
Newbury Forest,0.0,0,0
Ilkeston,0.0,0,0
Portadown,0.0,0,0
Marseille II,0.0,0,0
Auxerre AJ II,0.0,0,0
Troyes II,0.0,0,0
Olympiakos Nic.,0.0,0,0
Venezia,0.0,0,0
Schweinfurt,0.0,0,0
Brimscombe & Thrupp,0.0,0,0
Cockfosters,0.0,0,0
Studley,0.0,0,0
Coalville,0.0,0,0
Rusadir,0.0,0,0
Deportiva Ceuta,0.0,0,0
Real Titanico,0.0,0,0
Racing Rioja,0.0,0,0
Montanesa,0.0,0,0
Cardassar,0.0,0,0
Tomares,0.0,0,0
Miengo,0.0,0,0
Mostoles,0.0,0,0
Guia,0.0,0,0
KTP Kotka,0.0,0,0
Sheffield FC,0.0,0,0
Tooting & M,0.0,0,0
Bideford,0.0,0,0
Kendal Town,0.0,0,0
Spalding Utd,0.0,0,0
Thatcham Town,0.0,0,0
Wisbech Town,0.0,0,0
Runcorn,0.0,0,0
Tranent Juniors,0.0,0,0
Rosyth,0.0,0,0
Tynecastle BC,0.0,0,0
Stansfeld,0.0,0,0
Barnton,0.0,0,0
Orihuela,0.0,0,0
Marske Utd,0.0,0,0
North Leigh,0.0,0,0
Coleshill,0.0,0,0
Glasgow United,0.0,0,0
Alcoyano,0.0,0,0
Navalcarnero,0.0,0,0
Anaitasuna,0.0,0,0
Ribadumia,0.0,0,0
Mutilvera,0.0,0,0
AD San Juan,0.0,0,0
Ibiza,0.0,0,0
Teruel,0.0,0,0
UCAM Murcia,0.0,0,0
Pontevedra,0.0,0,0
Varea,0.0,0,0
Llanera,0.0,0,0
Pulpileno,0.0,0,0
Cantolagua,0.0,0,0
Marchamalo,0.0,0,0
Ciudad de Lucena,0.0,0,0
Ourense,0.0,0,0
Coria,0.0,0,0
Bayern Alzenau,0.0,0,0
Burgos,0.0,0,0
Quintanar del Rey,0.0,0,0
San Fernando,0.0,0,0
Racing Murcia,0.0,0,0
Ibiza Islas Pitiusas,0.0,0,0
G. Torrelavega,0.0,0,0
Internacional de Madrid,0.0,0,0
Terrassa,0.0,0,0
Las Rozas,0.0,0,0
At Baleares,0.0,0,0
Guijuelo,0.0,0,0
CD Calahorra,0.0,0,0
Rincon,0.0,0,0
Bunol,0.0,0,0
Leioa,0.0,0,0
Marino,0.0,0,0
Deportivo Olim,0.0,0,0
N Greenford U,0.0,0,0
Horley Town,0.0,0,0
Holker Old Boys,0.0,0,0
Long Eaton U,0.0,0,0
Plymouth P,0.0,0,0
Boldmere St. M,0.0,0,0
Hanley Town,0.0,0,0
Littlehampton T,0.0,0,0
Nth Ferriby,0.0,0,0
New Mills,0.0,0,0
Radford,0.0,0,0
Cobham,0.0,0,0
Hanworth Villa,0.0,0,0
Millbrook,0.0,0,0
Cheddar,0.0,0,0
Hallam,0.0,0,0
Fareham Town,0.0,0,0
Anstey Nomads,0.0,0,0
Worthing United,0.0,0,0
Haro Deportivo,0.0,0,0
Poblense,0.0,0,0
Banks o'Dee,0.0,0,0
Stourport,0.0,0,0
E Stadtallendorf,0.0,0,0
Haddington Athletic,0.0,0,0
Lothian Thistle,0.0,0,0
Buckland Ath,0.0,0,0
Freiburg II,0.0,0,0
Viktoria Koln,0.0,0,0
Rouen,0.0,0,0
Merida AD,0.0,0,0
Bastia-Borgo,0.0,0,0
EF Reims Sainte-Anne,0.0,0,0
Raon L Etape,0.0,0,0
Trelissac,0.0,0,0
Valenciennes,0.0,0,0
Dieppe,0.0,0,0
SSEP Hombourg-Haut,0.0,0,0
Grande Synthe,0.0,0,0
ESA Linas Montlhery,0.0,0,0
Yeclano,0.0,0,0
Ebro,0.0,0,0
Barcelona B,0.0,0,0
Recreativo,0.0,0,0
US Granvillaise,0.0,0,0
Top Oss,0.0,0,0
Kirklarelispor,0.0,0,0
GS Consolat,0.0,0,0
Seville II,0.0,0,0
Talavera CF,0.0,0,0
Espanyol B,0.0,0,0
Quevilly,0.0,0,0
Ath Bilbao II,0.0,0,0
Bayonne,0.0,0,0
Versailles,0.0,0,0
Guichen,0.0,0,0
Stade Briochin,0.0,0,0
Le Portel,0.0,0,0
Sable,0.0,0,0
Arenas Club,0.0,0,0
Academico Viseu,0.0,0,0
Eynesbury Rovers,0.0,0,0
AS P-l-Mezieres,0.0,0,0
ESM Gonfreville,0.0,0,0
Real Sociedad II,0.0,0,0
Amstetten,0.0,0,0
Montlucon,0.0,0,0
Doxa,0.0,0,0
Portmore United,0.0,0,0
Leon,0.0,0,0
Motagua,0.0,0,0
Congo,0.0,0,0
Comunicaciones,0.0,0,0
Dagenh'm,0.0,0,0
Goole,0.0,0,0
San Carlos,0.0,0,0
Haguenau,0.0,0,0
Club America,0.0,0,0
Cruz Azul,0.0,0,0
Tvaakers IF,0.0,0,0
Eskilsminne IF ,0.0,0,0
Karlskrona,0.0,0,0
Sandvikens,0.0,0,0
Orgryte,0.0,0,0
IF BP,0.0,0,0
Jonkopings Sodra,0.0,0,0
Syrianska,0.0,0,0
GAIS,0.0,0,0
Sollentuna FK,0.0,0,0
Oskarshamns AIK ,0.0,0,0
Dalkurd FF,0.0,0,0
Vasteras,0.0,0,0
Halmstads,0.0,0,0
Astoria Walldorf,0.0,0,0
Macarthur FC,0.0,0,0
La Nucia,0.0,0,0
Olot,0.0,0,0
Camelon Juniors,0.0,0,0
C Franciscain,0.0,0,0
Real Betis II,0.0,0,0
Estrela,0.0,0,0
RC Lorrain,0.0,0,0
Kapfenberg,0.0,0,0
Chambly,0.0,0,0
Al Duhail,0.0,0,0
Al Ahly,0.0,0,0
Sochaux,0.0,0,0
Estoril,0.0,0,0
New Star,0.0,0,0
FCD Annecy,0.0,0,0
Maximoise,0.0,0,0
Colomiers,0.0,0,0
Panazol,0.0,0,0
Liffre,0.0,0,0
AG Caennaise,0.0,0,0
Ulsan Hyundai,0.0,0,0
Palmeiras,0.0,0,0
US Sinnamary,0.0,0,0
Creteil,0.0,0,0
AthlÃ©tico Marseille,0.0,0,0
Steenvoorde,0.0,0,0
Rumilly Vallieres,0.0,0,0
Feurs,0.0,0,0
St. Omer,0.0,0,0
St Clements D,0.0,0,0
Venissieux,0.0,0,0
F Dusseldorf II,0.0,0,0
O. Marcquois,0.0,0,0
Seyssinet-Pariset,0.0,0,0
Aire-Sur-La-Lys,0.0,0,0
Saint-Brice,0.0,0,0
Macon,0.0,0,0
Concarneau,0.0,0,0
Ahrobiznes Volochysk,0.0,0,0
Loon-Plage,0.0,0,0
St Kitts and Nev,0.0,0,0
Surinam,0.0,0,0
Czech Rep. U21,0.0,0,0
Slovenia U21,0.0,0,0
Hungary U21,0.0,0,0
Russia U21,0.0,0,0
Portugal U21,0.0,0,0
Cayman Islands,0.0,0,0
Grenada,0.0,0,0
Iceland U21,0.0,0,0
Aruba,0.0,0,0
Dominica,0.0,0,0
Puerto Rico,0.0,0,0
Montserrat,0.0,0,0
Belize,0.0,0,0
St Vin & Gren,0.0,0,0
Holland U21,0.0,0,0
Turks & Caicos,0.0,0,0
Anguilla,0.0,0,0
Virgin Isl. (UK),0.0,0,0
Virgin Isl. (US),0.0,0,0
Bahamas,0.0,0,0
