date,league,home-team,home-score,away-team,away-score
20200720,Portugal Superliga,FCPorto,6,Moreirense,1
20200720,Italy Serie A,Juventus,2,Lazio,1
20200720,England Premier League,Wolverhampton,2,CrystalPalace,0
20200720,Spain Segunda Liga,Alcorcon,2,Girona,0
20200720,Spain Segunda Liga,Almeria,0,Malaga,0
20200720,Spain Segunda Liga,Cadiz,0,Albacete,1
20200720,Spain Segunda Liga,Elche,2,RealOviedo,1
20200720,Spain Segunda Liga,Lugo,2,Mirandes,1
20200720,Spain Segunda Liga,Numancia,2,Tenerife,1
20200720,Spain Segunda Liga,RacingSantander,1,RayoVallecano,2
20200720,Spain Segunda Liga,SportingGijon,0,Huesca,1
20200720,Spain Segunda Liga,RealZaragoza,2,Ponferradina,1
20200720,Portugal Superliga,Tondela,1,Braga,0
20200720,England Premier League,Brighton,0,Newcastle,0
20200720,Sweden Allsvenskan,Hammarby,1,IFKGoteborg,1
20200720,Sweden Allsvenskan,Orebro,3,Mjallby,1
20200720,Sweden Superettan,AkropolisIF,2,VasterasSK,0
20200720,England Premier League,SheffUtd,0,Everton,1
20200720,Spain Segunda Liga,LasPalmas,5,Extremadura,1
20200720,Norway 1. Division,Strommen,0,Asane,3
20200720,Norway 1. Division,Kongsvinger,0,Grorud,1
20200720,Norway 1. Division,Sogndal,0,SandnesUlf,2
20200720,Norway 1. Division,Oeygarden,4,RaufossIL,4
20200720,Portugal Superliga,PacosFerreira,2,Portimonense,1
20200720,USA Major League Soccer,InterMiami,0,NewYorkCity,1
20200720,South Korea K League 2,AnsanGreeners,0,GyeongnamFC,0
20200720,USA MLS Is Back,Seattle,3,VancouverWhitecaps,0
20200720,USA Major League Soccer,Chicago,0,SanJose,2
20200713,Portugal Superliga,VitoriaSetubal,1,Famalicao,2
20200713,Spain Primera Liga,Granada,1,RealMadrid,2
20200713,Spain Segunda Liga,Alcorcon,0,Tenerife,0
20200713,Spain Segunda Liga,Elche,2,Albacete,0
20200713,Italy Serie A,InterMilan,3,Torino,1
20200713,Iceland Urvalsdeild,ValurReykjavik,0,StjarnanGardabae,0
20200713,Iceland Urvalsdeild,FHHafnarfjordur,1,FylkirReykjavik,2
20200713,Iceland Urvalsdeild,KRReykjavik,3,BreidablikKopavogur,1
20200713,Italy Serie B,Frosinone,2,JuveStabia,2
20200713,Italy Serie B,Ascoli,1,Empoli,0
20200713,Italy Serie B,Salernitana,4,Cittadella,1
20200713,Italy Serie B,Cremonese,1,Chievo,0
20200713,Italy Serie B,Trapani,2,Benevento,0
20200713,Italy Serie B,Livorno,0,Spezia,1
20200713,Italy Serie B,Crotone,1,Pordenone,0
20200713,Italy Serie B,VirtusEntella,1,Pisa,1
20200713,Italy Serie B,Venezia,1,Pescara,1
20200713,England Premier League,ManUtd,2,Southampton,2
20200713,Slovenia Prva Liga,RudarVelenje,0,Mura,0
20200713,Portugal Superliga,Maritimo,0,RioAve,0
20200713,Turkey Super Lig,Denizlispor,2,Trabzonspor,1
20200713,Iceland Urvalsdeild,KA,1,FjolnirReykjavik,1
20200713,Turkey Super Lig,Konyaspor,4,IstanbulBuyuksehirBSK,3
20200713,Turkey Super Lig,Malatyaspor,0,Besiktas,1
20200713,Spain Primera Liga,Villarreal,1,RealSociedad,2
20200713,Spain Primera Liga,Alaves,0,Getafe,0
20200713,Spain Segunda Liga,SportingGijon,2,Malaga,1
20200713,Spain Segunda Liga,Almeria,3,RayoVallecano,2
20200713,Sweden Allsvenskan,Kalmar,1,Elfsborg,2
20200713,Sweden Superettan,Dalkurd,1,Osters,1
20200713,Sweden Superettan,Trelleborgs,2,GAIS,0
20200713,Sweden Superettan,NorrbyIF,1,AkropolisIF,1
20200713,Italy Serie B,Cosenza,2,Perugia,1
20200713,Norway 1. Division,KFUMOslo,2,RaufossIL,1
20200713,Norway 1. Division,Grorud,3,Sogndal,1
20200713,Norway 1. Division,Asane,0,Ranheim,3
20200713,Norway 1. Division,Tromso,1,Strommen,0
20200713,Turkey Super Lig,Kayserispor,1,GaziantepBB,1
20200713,Turkey Super Lig,Kasimpasa,2,CaykurRizespor,0
20200713,Uzbekistan PRL,Pakhtakor,2,Olmaliq,2
20200713,USA MLS Is Back,TorontoFC,2,DCUnited,2
20200713,Uzbekistan PRL,Navbahor,1,Qizilqum,0
20200713,USA MLS Is Back,RealSaltLake,2,Colorado,0
20200713,USA MLS Is Back,KansasCity,1,MinnesotaStars,2
20200706,Spain Primera Liga,Sevilla,1,Eibar,0
20200706,Portugal Superliga,Moreirense,0,SportingLisbon,0
20200706,Spain Segunda Liga,RealZaragoza,2,RayoVallecano,4
20200706,England Premier League,Tottenham,1,Everton,0
20200706,Albania Superliga,TeutaDurres,1,SkenderbeuKorce,0
20200706,Turkey Super Lig,Kayserispor,3,Besiktas,1
20200706,Spain Primera Liga,Levante,1,RealSociedad,1
20200706,Spain Segunda Liga,SportingGijon,0,Girona,0
20200706,Sweden Division 1,QvidingFIF,1,Tvaakers,1
20200706,Sweden Allsvenskan,Ostersunds,0,Mjallby,1
20200706,Sweden Division 1,Brommapojkarna,2,Vasalund,1
20200706,Sweden Allsvenskan,Djurgardens,2,Helsingborgs,2
20200706,Sweden Allsvenskan,Varbergs,1,Kalmar,0
20200706,Sweden Allsvenskan,IFKNorrkoping,3,IFKGoteborg,1
20200706,Turkey Lig 1,Eskisehirspor,0,Istanbulspor,3
20200706,Turkey Lig 1,AkhisarBelediyespor,3,Balikesirspor,1
20200706,Denmark 1st Division,Viborg,4,Nykobing,3
20200706,Denmark 1st Division,Vejle,4,Roskilde,1
20200706,Norway 1. Division,Oeygarden,0,Asane,2
20200706,Norway 1. Division,Ranheim,5,Grorud,3
20200706,Norway 1. Division,Jerv,2,SandnesUlf,2
20200706,Norway 1. Division,Strommen,2,KFUMOslo,1
20200706,Norway 1. Division,Kongsvinger,0,Tromso,2
20200706,Estonia Esiliiga,Vaprus,2,FloraII,2
20200706,Albania Superliga,KFTirana,1,Kukesi,2
20200706,Albania Superliga,BylisBallsh,1,PartizaniTirana,1
20200706,Uzbekistan PRL,Nasaf,1,MetallurgBekabad,0
20200706,Uzbekistan PRL,Qizilqum,1,Andijon,1
20200706,Czech FNL,SlovanVarnsdorf,3,MFKVitkovice,1
20200706,Turkey Lig 1,FatihKaragumruk,3,Boluspor,1
20200706,Uzbekistan PRL,LokomotivTashkent,2,SurkhonTermez,1
20200706,Vietnam V League,HoChiMinhCity,1,BinhDuong,2
20200706,Vietnam V League,QuangNinh,3,NamDinh,2
20200706,South Korea K League 2,Bucheon,19951,DaejeonCitizen,0
20200706,Vietnam V League,ThanhHoa,0,DaNang,3
20200706,Vietnam V League,HoangAnhGiaLai,1,HongLinhHaTinh,0
20200701,Portugal Superliga,SportingLisbon,2,GilVicente,1
20200701,Spain Primera Liga,RealBetis,0,Villarreal,2
20200701,Spain Primera Liga,Valladolid,0,Levante,0
20200701,Italy Serie A,Lecce,1,Sampdoria,2
20200701,Spain Segunda Liga,Extremadura,3,RacingSantander,1
20200701,Spain Segunda Liga,Ponferradina,0,Fuenlabrada,3
20200701,Italy Serie A,Spal,2,ACMilan,2
20200701,Italy Serie A,HellasVerona,3,Parma,2
20200701,Italy Serie A,Fiorentina,1,Sassuolo,3
20200701,England Premier League,WestHam,3,Chelsea,2
20200701,Croatia 1.HNL,NKOsijek,1,NKRijeka,0
20200701,England Championship,SheffWed,0,WestBrom,3
20200701,Austria Bundesliga,RBSalzburg,2,SKSturmGraz,0
20200701,Switzerland Super League,NeuchatelXamax,1,StGallen,2
20200701,Switzerland Super League,FCThun,3,FCZurich,2
20200701,Norway Tippeligaen,Rosenborg,1,Valerenga,1
20200701,Austria Bundesliga,RapidVienna,3,LASKLinz,1
20200701,Greece Etniki Katigoria,Olympiacos,2,OFICrete,1
20200701,Sweden Division 1,Tvaakers,2,Trollhattan,1
20200701,Sweden Division 1,Haninge,4,Nykoping,0
20200701,Greece Etniki Katigoria,PAOKSalonika,0,AEKAthens,2
20200701,Portugal Superliga,Belenenses,1,Tondela,1
20200701,Italy Serie A,InterMilan,6,Brescia,0
20200701,Italy Serie A,Bologna,1,Cagliari,1
20200701,Spain Segunda Liga,RealOviedo,1,Mirandes,0
20200701,Spain Segunda Liga,Lugo,3,Numancia,1
20200701,Spain Primera Liga,Valencia,0,AthleticBilbao,2
20200701,Spain Primera Liga,Alaves,0,Granada,2
20200701,Spain Segunda Liga,Almeria,1,SportingGijon,0
20200701,Sweden Division 1,SkovdeAIK,3,QvidingFIF,1
20200701,Sweden Allsvenskan,IFKNorrkoping,1,Elfsborg,1
20200701,Sweden Division 1,Sandviken,2,Taby,2
20200701,Sweden Division 1,Karlskrona,0,Landskrona,3
20200701,Sweden Division 1,IFKVarnamo,0,Utsiktens,1
20200701,Sweden Division 1,Torns,3,LindomeGIF,0
20200701,Sweden Division 1,MotalaAIF,2,AssyriskaTurabdin,3
20200701,Sweden Division 1,Oskarshamns,1,Linkoping,0
20200701,Sweden Division 1,Lund,3,Eskilsminne,1
20200701,Sweden Division 1,OrebroSyrianska,0,Brommapojkarna,1
20200701,Russia Premier League,FKRostov,1,Krasnodar,1
20200701,Denmark 1st Division,Roskilde,1,Vendsyssel,3
20200701,Germany 3. Liga,SonnenhofGrossaspach,21860,Munich,4
20200701,Germany 3. Liga,Ingolstadt,0,Magdeburg,2
20200701,Germany 3. Liga,PreussenMunster,0,Meppen,3
20200701,Germany 3. Liga,Braunschweig,3,WaldhofMannheim,2
20200701,Germany 3. Liga,Unterhaching,2,CarlZeissJena,2
20200701,Germany 3. Liga,BayernMunichII,2,MSVDuisburg,2
20200701,Germany 3. Liga,Hallescher,1,Kaiserslautern,1
20200701,Germany 3. Liga,ViktoriaKoln,5,FCKickersWurzburg,1
20200701,Germany 3. Liga,HansaRostock,1,Uerdingen,0
20200701,Germany 3. Liga,FSVZwickau,2,Chemnitzer,1
20200701,England Championship,Birmingham,0,Huddersfield,3
20200701,England Championship,NottmForest,1,BristolCity,0
20200701,England Premier League,Arsenal,4,Norwich,0
20200701,England Premier League,Bournemouth,1,Newcastle,4
20200701,England Premier League,Everton,2,Leicester,1
20200701,Russia Premier League,Sochi,1,DinamoMoscow,1
20200701,Turkey Lig 1,Erzurumspor,1,AdanaDemirspor,2
20200701,Turkey Lig 1,Altay,3,Osmanlispor,0
20200701,Sweden Allsvenskan,Kalmar,1,Ostersunds,2
20200701,Sweden Allsvenskan,Malmo,1,Djurgardens,0
20200701,Croatia 1.HNL,InterZapresic,0,DynamoZagreb,1
20200701,Switzerland Challenge League,SCKriens,4,Chiasso,1
20200701,Switzerland Super League,Lugano,2,Basle,1
20200701,Greece Etniki Katigoria,Panathinaikos,2,ArisSalonika,0
20200701,Norway Tippeligaen,Aalesund,1,Mjondalen,3
20200701,Denmark 1st Division,FremadAmager,4,Nykobing,0
20200701,England Championship,Preston,0,Derby,1
20200701,Estonia Meistriliiga,FCKuressaare,3,JKTulevikViljandi,0
20200701,Norway Tippeligaen,Haugesund,1,IKStart,0
20200701,Estonia Meistriliiga,FCFloraPaide,3,Tammeka,0
20200701,Norway Tippeligaen,Stabaek,2,Stromsgodset,0
20200701,Norway Tippeligaen,VikingFK,2,Sandefjord,0
20200701,Finland Veikkausliiga,HIFK,0,KuPS,3
20200701,Finland Veikkausliiga,SJK,1,TPS,0
20200701,Finland Veikkausliiga,Lahti,0,HJKHelsinki,4
20200701,Finland Veikkausliiga,FCIlves,4,IFKMariehamn,3
20200701,Finland Veikkausliiga,FCHaka,1,FCHonka,1
20200701,Turkey Lig 1,Boluspor,1,Hatayspor,0
20200701,Russia Premier League,ArsenalTula,1,TerekGroznyi,3
20200701,Russia Premier League,Tambov,1,ZenitStPetersburg,2
20200701,Kazakhstan Premier League,Kaisar,1,Taraz,1
20200701,Kazakhstan Premier League,Ordabasy,0,ShakhterKaragandy,1
20200701,Sweden Division 1,IFKLulea,1,Gefle,4
20200701,Uzbekistan PRL,Qoqon,19122,MashALMubarek,0
20200701,Uzbekistan PRL,LokomotivTashkent,3,Qizilqum,0
20200701,Uzbekistan PRL,Andijon,0,Bunyodkor,0
20200701,Sweden Division 1,TeamThoren,2,Karlslunds,1
20200701,Kazakhstan Premier League,Tobol,2,KaspiyAktau,0
20200701,Kazakhstan Premier League,Kyzylzhar,3,Okzhetpes,1
20200701,Kazakhstan Premier League,Kairat,3,Zhetysu,0
20200701,Russia Premier League,Ufa,0,RubinKazan,0
20200701,Russia Premier League,GazovikOrenburg,0,UralSverdlovskayaOblast,3
20200702,Spain Primera Liga,RealMadrid,1,Getafe,0
20200702,Spain Segunda Liga,RayoVallecano,0,Malaga,0
20200702,Italy Serie A,Roma,0,Udinese,2
20200702,England Premier League,ManCity,4,Liverpool,0
20200702,Switzerland Super League,FCSion,0,Lucerne,2
20200702,Norway Tippeligaen,Sarpsborg,0,SKBrann,1
20200702,Spain Segunda Liga,Albacete,1,Alcorcon,1
20200702,Spain Segunda Liga,Huesca,1,LasPalmas,0
20200702,Italy Serie A,Atalanta,2,Napoli,0
20200702,Spain Primera Liga,Eibar,0,Osasuna,2
20200702,Spain Primera Liga,RealSociedad,2,Espanyol,1
20200702,England Premier League,SheffUtd,3,Tottenham,1
20200702,Turkey Lig 1,Istanbulspor,0,AkhisarBelediyespor,1
20200702,Turkey Lig 1,Balikesirspor,0,FatihKaragumruk,5
20200702,Sweden Allsvenskan,Helsingborgs,0,Mjallby,1
20200702,Sweden Allsvenskan,Falkenbergs,1,IKSirius,2
20200702,Sweden Allsvenskan,Hammarby,1,Varbergs,0
20200702,Sweden Allsvenskan,IFKGoteborg,1,AIKStockholm,0
20200702,Georgia Umaglesi Liga,DinamoBatumi,1,SaburtaloTbilisi,1
20200702,Sweden Allsvenskan,Orebro,0,BKHacken,0
20200702,Sweden Division 1,Vasalund,6,Sollentuna,0
20200702,Austria Bundesliga,Hartberg,3,Wolfsberger,3
20200702,Estonia Esiliiga,NommeUnited,2,Vaprus,2
20200702,Denmark 1st Division,Fredericia,1,Hvidovre,2
20200702,England Championship,Hull,2,Middlesbrough,1
20200702,Norway Tippeligaen,Kristiansund,2,Molde,2
20200702,Estonia Esiliiga,LevadiaTallinnII,3,ParnuJalgpalliklubi,1
20200702,Estonia Esiliiga,FloraII,1,Vandra,2
20200702,Finland Kakkonen,Pepo,3,MiPK,1
20200702,Finland Kakkonen,JJK,2,FCVaajakoski,1
20200702,Finland Kakkonen,SCKufu,5,OLSOulu,1
20200702,Uzbekistan PRL,Pakhtakor,3,SurkhonTermez,1
20200702,Uzbekistan PRL,Olmaliq,2,Nasaf,1
20200702,Uzbekistan PRL,Navbahor,2,Sogdiyona,0
20200702,Finland Veikkausliiga,FCInter,3,Rops,1
20200702,Czech FNL,MFKVitkovice,5,Trinec,2
20200702,Turkey Lig 1,Umraniyespor,3,Eskisehirspor,0
20200702,Uzbekistan PRL,Bukhara,1,MetallurgBekabad,4
20200703,Spain Primera Liga,AtleticoMadrid,3,Mallorca,0
20200703,Iceland Urvalsdeild,ValurReykjavik,1,IAAkranes,4
20200703,England Championship,Charlton,0,Millwall,1
20200703,Italy Serie B,Venezia,0,Empoli,2
20200703,Italy Serie B,Salernitana,2,JuveStabia,1
20200703,Italy Serie B,Trapani,2,Livorno,1
20200703,Italy Serie B,Cremonese,1,Pescara,0
20200703,Italy Serie B,Perugia,1,Pordenone,2
20200703,Italy Serie B,Frosinone,2,Spezia,1
20200703,Italy Serie B,Cosenza,0,Ascoli,1
20200703,Italy Serie B,Crotone,3,Benevento,0
20200703,Italy Serie B,VirtusEntella,1,Chievo,1
20200703,Switzerland Challenge League,Aarau,5,LausanneSports,4
20200703,Portugal Superliga,SantaClara,0,Maritimo,1
20200703,Turkey Super Lig,Denizlispor,0,GaziantepBB,1
20200703,Slovenia Prva Liga,Domzale,2,TaborSezana,1
20200703,Spain Segunda Liga,Girona,1,RealZaragoza,0
20200703,Georgia Umaglesi Liga,DinamoTbilisi,4,LokomotiviTbilisi,0
20200703,Sweden Superettan,Trelleborgs,1,GIFSundsvall,1
20200703,Sweden Superettan,JonkopingSodra,3,AkropolisIF,1
20200703,Italy Serie B,Pisa,2,Cittadella,0
20200703,Denmark 1st Division,Naestved,0,KoldingIF,1
20200703,Switzerland Challenge League,FCStadeLsOuchy,2,Winterthur,2
20200703,Switzerland Challenge League,FCVaduz,2,Grasshoppers,3
20200703,Czech FNL,Chrudim,1,Pardubice,3
20200703,Slovenia Prva Liga,Bravo,1,NKCelje,2
20200703,Norway 1. Division,Tromso,1,RaufossIL,0
20200703,Norway 1. Division,SandnesUlf,4,Oeygarden,3
20200703,Norway 1. Division,KFUMOslo,2,Jerv,1
20200703,Norway 1. Division,Grorud,0,Lillestrom,1
20200703,Norway 1. Division,Asane,1,Sogndal,4
20200703,Finland Kakkonen,AtlantisFC,3,Klubi,044
20200703,Finland Kakkonen,FCKiisto,0,GBKKokkola,3
20200703,Ukraine UPL,Lviv,2,Vorskla,2
20200703,Finland Kakkonen,TPVTampere,2,KaaPoKaarina,2
20200703,Belarus Premier League,SlaviaMozyr,3,Slutsk,1
20200716,Italy Serie A,Spal,0,InterMilan,4
20200716,England Premier League,CrystalPalace,0,ManUtd,2
20200716,England Premier League,Southampton,1,Brighton,1
20200716,Spain Primera Liga,Mallorca,1,Granada,2
20200716,Spain Primera Liga,RealMadrid,2,Villarreal,1
20200716,Spain Primera Liga,RealSociedad,0,Sevilla,0
20200716,Spain Primera Liga,Valencia,1,Espanyol,0
20200716,Spain Primera Liga,Getafe,0,AtleticoMadrid,2
20200716,Spain Primera Liga,CeltadeVigo,2,Levante,3
20200716,Spain Primera Liga,RealBetis,1,Alaves,2
20200716,Spain Primera Liga,Barcelona,1,Osasuna,2
20200716,Spain Primera Liga,AthleticBilbao,0,Leganes,2
20200716,Slovenia Prva Liga,Mura,1,Olimpija,1
20200716,Norway Tippeligaen,IKStart,0,Rosenborg,0
20200716,Switzerland Super League,StGallen,4,Lucerne,1
20200716,Slovenia Prva Liga,Aluminij,2,Domzale,5
20200716,Russia Premier League,Tambov,3,Sochi,0
20200716,Russia Premier League,LokomotivMoscow,2,CSKAMoscow,1
20200716,Italy Serie A,Torino,3,Genoa,0
20200716,Georgia Umaglesi Liga,FCTelavi,2,ChikhuraSachkhere,0
20200716,England Premier League,Leicester,2,SheffUtd,0
20200716,England Premier League,Everton,1,AstonVilla,1
20200716,Sweden Allsvenskan,IFKNorrkoping,2,Orebro,0
20200716,Sweden Allsvenskan,BKHacken,6,Elfsborg,0
20200716,Sweden Allsvenskan,Kalmar,1,Hammarby,2
20200716,Sweden Allsvenskan,Ostersunds,1,Malmo,2
20200716,Sweden Allsvenskan,Varbergs,1,Mjallby,0
20200716,Denmark 1st Division,Hvidovre,0,Skive,2
20200716,Spain Primera Liga,Eibar,3,Valladolid,1
20200716,Estonia Esiliiga,LevadiaTallinnII,3,Vandra,1
20200716,Estonia Esiliiga,NommeUnited,4,ParnuJalgpalliklubi,0
20200716,Iran Pro League,Zobahan,1,MachineSaziTabriz,2
20200716,Switzerland Super League,NeuchatelXamax,0,FCSion,0
20200716,Norway Tippeligaen,Stabaek,1,Sarpsborg,1
20200716,Estonia Esiliiga,Vaprus,3,Maardu,2
20200716,Denmark 1st Division,Naestved,0,Roskilde,2
20200716,Slovenia Prva Liga,TaborSezana,1,RudarVelenje,0
20200716,England Championship,Leeds,1,Barnsley,0
20200716,Ukraine UPL,DesnaChernigov,1,Oleksandria,3
20200716,Ukraine UPL,DynamoKiev,3,ZarjaLugansk,1
20200716,Estonia Esiliiga,FloraII,2,TammekaTartuII,0
20200716,Russia Premier League,RubinKazan,0,FKRostov,0
20200716,Russia Premier League,Ufa,0,DinamoMoscow,1
20200716,Ukraine UPL,Vorskla,1,IllichivetsMariupol,2
20200716,Ukraine UPL,Lviv,1,OlimpikDonetsk,5
20200716,USA MLS Is Back,AtlantaUnited,0,Cincinnati,1
20200716,USA MLS Is Back,VancouverWhitecaps,3,SanJose,4
20200714,Portugal Superliga,GilVicente,3,Tondela,2
20200714,Portugal Superliga,Benfica,2,Guimaraes,0
20200714,Italy Serie A,Atalanta,6,Brescia,2
20200714,England Premier League,Chelsea,1,Norwich,0
20200714,England Championship,SheffWed,0,Huddersfield,0
20200714,England Championship,Millwall,1,Blackburn,0
20200714,England Championship,Luton,1,QPR,1
20200714,England Championship,Cardiff,2,Derby,1
20200714,Switzerland Challenge League,Grasshoppers,2,Chiasso,1
20200714,Switzerland Super League,Basle,4,FCZurich,0
20200714,Switzerland Challenge League,FCVaduz,1,Aarau,1
20200714,Portugal Superliga,Portimonense,2,Boavista,1
20200714,England Championship,Wigan,8,Hull,0
20200714,Denmark 1st Division,Fredericia,2,KoldingIF,0
20200714,Denmark 1st Division,Viborg,4,Vendsyssel,1
20200714,Denmark 1st Division,Vejle,1,Nykobing,0
20200714,Norway 1. Division,SandnesUlf,1,Lillestrom,1
20200714,England Championship,Reading,1,Middlesbrough,2
20200714,Switzerland Challenge League,SCKriens,0,LausanneSports,3
20200714,Switzerland Challenge League,Winterthur,1,Schaffhausen,0
20200714,Czech FNL,SlovanVarnsdorf,0,SKLisen,0
20200714,Czech FNL,Trinec,1,DuklaPraha,2
20200714,Czech FNL,Chrudim,3,MFKVitkovice,1
20200714,Czech FNL,HradecKralove,2,Sokolov,0
20200714,Czech FNL,Jihlava,2,UstinadLabem,3
20200714,Czech FNL,ViktoriaZizkov,2,Pardubice,1
20200714,Czech FNL,FCBrno,4,FCVlasim,0
20200714,Czech FNL,Vysehrad,3,SkProstejov,1
20200714,England Championship,WestBrom,0,Fulham,0
20200714,Finland Kakkonen,Kiffen,3,Viikingit,0
20200714,Portugal Superliga,SantaClara,3,Aves,0
20200714,USA MLS Is Back,Chicago,2,Seattle,1
20200714,Uzbekistan PRL,LokomotivTashkent,0,MashALMubarek,1
20200714,Uzbekistan PRL,Qoqon,19122,Nasaf,2
20200714,USA MLS Is Back,LAGalaxy,1,PortlandTimbers,2
20200714,USA MLS Is Back,LosAngelesFC,3,Houston,3
20200709,Portugal Superliga,Famalicao,1,Benfica,1
20200709,Spain Primera Liga,AthleticBilbao,1,Sevilla,2
20200709,Spain Segunda Liga,Girona,1,Almeria,0
20200709,Spain Segunda Liga,Tenerife,1,RealZaragoza,1
20200709,Italy Serie A,HellasVerona,2,InterMilan,2
20200709,England Premier League,AstonVilla,0,ManUtd,3
20200709,Switzerland Super League,Lugano,3,StGallen,3
20200709,Slovenia Prva Liga,Olimpija,5,RudarVelenje,0
20200709,Spain Segunda Liga,RayoVallecano,3,Numancia,2
20200709,Portugal Superliga,Tondela,1,FCPorto,3
20200709,Turkey Super Lig,Besiktas,3,Kasimpasa,2
20200709,Iceland Urvalsdeild,FylkirReykjavik,4,KA,1
20200709,Turkey Super Lig,GaziantepBB,3,Konyaspor,1
20200709,Italy Serie A,Spal,0,Udinese,3
20200709,Spain Segunda Liga,Albacete,1,SportingGijon,1
20200709,Spain Primera Liga,Mallorca,2,Levante,0
20200709,Spain Primera Liga,Eibar,0,Leganes,0
20200709,Russia Premier League,RubinKazan,1,Krasnodar,0
20200709,England Premier League,Everton,1,Southampton,1
20200709,England Premier League,Bournemouth,0,Tottenham,0
20200709,Georgia Umaglesi Liga,LokomotiviTbilisi,1,DinamoBatumi,4
20200709,Estonia Esiliiga,Vandra,3,ParnuJalgpalliklubi,2
20200709,England Championship,Leeds,5,Stoke,0
20200709,Slovenia Prva Liga,TaborSezana,4,Maribor,1
20200709,Portugal Superliga,RioAve,2,Portimonense,1
20200709,Turkey Super Lig,CaykurRizespor,3,Kayserispor,2
20200709,Finland Kakkonen,SCKufu,3,RoPSFarmi,1
20200709,Georgia Umaglesi Liga,Samtredia,0,ChikhuraSachkhere,0
20200709,Russia Premier League,UralSverdlovskayaOblast,2,DinamoMoscow,1
20200709,USA MLS Is Back,NewYorkCity,0,Philadelphia,1
20200709,USA MLS Is Back,Nashville,0,Chicago,1
20200710,Portugal Superliga,PacosFerreira,1,Braga,5
20200710,Spain Primera Liga,RealMadrid,2,Alaves,0
20200710,England Championship,Fulham,2,Cardiff,0
20200710,Italy Serie B,Spezia,5,Cosenza,1
20200710,Italy Serie B,Livorno,1,Cremonese,2
20200710,Italy Serie B,Cittadella,1,Crotone,3
20200710,Italy Serie B,Empoli,2,Frosinone,0
20200710,Italy Serie B,Pescara,2,Perugia,2
20200710,Italy Serie B,Pordenone,1,Pisa,0
20200710,Italy Serie B,Ascoli,3,Salernitana,2
20200710,Italy Serie B,Chievo,1,Trapani,1
20200710,Italy Serie B,Benevento,1,Venezia,1
20200710,Albania Superliga,PartizaniTirana,1,KFTirana,1
20200710,Portugal Superliga,SportingLisbon,1,SantaClara,0
20200710,Croatia 1.HNL,Gorica,0,Varazdin,1
20200710,Spain Primera Liga,RealSociedad,2,Granada,3
20200710,Denmark 1st Division,FremadAmager,2,Viborg,2
20200710,Denmark 1st Division,Fredericia,3,Naestved,2
20200710,Denmark 1st Division,Vendsyssel,0,Vejle,2
20200710,England Championship,Huddersfield,0,Luton,2
20200710,Sweden Division 1,Haninge,2,Brommapojkarna,0
20200710,Italy Serie B,JuveStabia,1,VirtusEntella,1
20200710,Iran Pro League,ShahinBushehr,1,Zobahan,5
20200710,Switzerland Challenge League,LausanneSports,1,Schaffhausen,0
20200710,Switzerland Challenge League,FCVaduz,5,FCStadeLsOuchy,1
20200710,Portugal Superliga,Guimaraes,1,GilVicente,2
20200710,Estonia Esiliiga,Elva,4,LevadiaTallinnII,0
20200710,Iran Pro League,MachineSaziTabriz,0,Perspolis,1
20200710,Albania Superliga,FlamurtariVlore,2,BylisBallsh,3
20200710,Finland Kakkonen,Japs,1,Pepo,1
20200710,Finland Kakkonen,HJS,2,PargasIdrottsforening,0
20200710,Finland Kakkonen,KaaPoKaarina,3,AtlantisFC,1
20200710,Finland Kakkonen,GBKKokkola,1,JBKPietarsaari,1
20200710,Georgia Umaglesi Liga,SaburtaloTbilisi,1,FCTelavi,0
20200710,South Korea K League 1,BusanIPark,2,FCSeoul,0
20200710,Japan J2 League,FagianoOkayama,0,GiravanzKitakyushu,2
20200707,Spain Primera Liga,CeltadeVigo,1,AtleticoMadrid,1
20200707,Spain Segunda Liga,Extremadura,0,Cadiz,1
20200707,Italy Serie A,ACMilan,4,Juventus,2
20200707,England Premier League,Arsenal,1,Leicester,1
20200707,England Championship,Cardiff,2,Blackburn,3
20200707,Switzerland Super League,NeuchatelXamax,1,FCZurich,1
20200707,Switzerland Challenge League,Grasshoppers,4,FCStadeLsOuchy,0
20200707,Switzerland Challenge League,Schaffhausen,2,Wil,3
20200707,Spain Segunda Liga,Fuenlabrada,1,RacingSantander,0
20200707,Turkey Super Lig,IstanbulBuyuksehirBSK,2,Denizlispor,0
20200707,Slovenia Prva Liga,NKCelje,4,Domzale,1
20200707,Spain Primera Liga,Valencia,2,Valladolid,1
20200707,Russia Premier League,ArsenalTula,2,KrylyaSovetov,4
20200707,Spain Segunda Liga,Mirandes,1,Elche,0
20200707,Italy Serie A,Lecce,2,Lazio,1
20200707,Sweden Superettan,VasbyUnited,3,JonkopingSodra,2
20200707,Sweden Superettan,Degerfors,1,Umea,0
20200707,Sweden Superettan,AkropolisIF,2,Trelleborgs,2
20200707,England Championship,Reading,0,Huddersfield,0
20200707,England Championship,Brentford,2,Charlton,1
20200707,England Championship,Luton,1,Barnsley,1
20200707,England Premier League,Watford,2,Norwich,1
20200707,England Premier League,CrystalPalace,2,Chelsea,3
20200707,Estonia Meistriliiga,NommeJKKalju,1,FCKuressaare,0
20200707,Switzerland Challenge League,LausanneSports,2,Chiasso,1
20200707,Switzerland Challenge League,Winterthur,1,FCVaduz,4
20200707,England Championship,NottmForest,0,Fulham,1
20200707,Estonia Esiliiga,TammekaTartuII,0,NommeUnited,4
20200707,Finland Veikkausliiga,KuPS,1,FCInter,0
20200707,Finland Veikkausliiga,TPS,0,FCIlves,1
20200707,Turkey Super Lig,Genclerbirligi,1,Fenerbahce,1
20200707,Russia Premier League,Tambov,1,TerekGroznyi,2
20200707,Uzbekistan PRL,Olmaliq,2,Qoqon,19121
20200707,Uzbekistan PRL,Sogdiyona,3,Bukhara,1
20200707,Uzbekistan PRL,Bunyodkor,3,Navbahor,1
20200707,Uzbekistan PRL,Pakhtakor,3,MashALMubarek,0
20200717,Iceland Urvalsdeild,StjarnanGardabae,4,HKKopavogs,1
20200717,Spain Segunda Liga,Albacete,4,RealZaragoza,1
20200717,Spain Segunda Liga,Extremadura,2,SportingGijon,0
20200717,Spain Segunda Liga,Fuenlabrada,3,Elche,1
20200717,Spain Segunda Liga,Girona,2,Cadiz,1
20200717,Spain Segunda Liga,Huesca,3,Numancia,0
20200717,Spain Segunda Liga,Mirandes,1,DeportivoLaCoruna,0
20200717,Spain Segunda Liga,Malaga,2,Alcorcon,0
20200717,Spain Segunda Liga,Ponferradina,2,Almeria,1
20200717,Spain Segunda Liga,RealOviedo,1,RacingSantander,0
20200717,Spain Segunda Liga,RayoVallecano,2,LasPalmas,2
20200717,Spain Segunda Liga,Tenerife,1,Lugo,2
20200717,Italy Serie B,Empoli,2,VirtusEntella,4
20200717,Italy Serie B,Spezia,0,Venezia,1
20200717,Italy Serie B,Pisa,3,Trapani,2
20200717,Italy Serie B,Crotone,1,Salernitana,1
20200717,Italy Serie B,Benevento,3,Livorno,1
20200717,England Premier League,WestHam,3,Watford,1
20200717,Italy Serie B,Perugia,0,Cremonese,0
20200717,Italy Serie B,Pordenone,1,Cosenza,2
20200717,Italy Serie B,JuveStabia,3,Chievo,2
20200717,Italy Serie B,Cittadella,1,Ascoli,2
20200717,Switzerland Challenge League,LausanneSports,1,Grasshoppers,0
20200717,Croatia 1.HNL,NKSlaven,3,InterZapresic,1
20200717,England Conference,BorehamWood,2,Halifax,1
20200717,Georgia Umaglesi Liga,MeraniTbilisi,1,Samtredia,2
20200717,Belarus Premier League,Gorodeya,2,Belshina,1
20200717,Turkey Lig 1,MenemenBelediyespor,1,Altinordu,1
20200717,Italy Serie B,Pescara,1,Frosinone,1
20200717,Iran Pro League,Saipa,0,Paykan,0
20200717,Iran Pro League,SanatNaft,0,Esteghlal,2
20200717,Iran Pro League,NassajiMazandaran,0,NaftTehran,0
20200717,England Championship,Huddersfield,2,WestBrom,1
20200717,Estonia Meistriliiga,FCFloraPaide,1,NommeJKKalju,3
20200717,Switzerland Challenge League,Chiasso,0,Winterthur,2
20200717,Switzerland Challenge League,Schaffhausen,0,SCKriens,0
20200717,Iran Pro League,ParsJonoubiJam,2,PadidehKhorasan,1
20200717,Iran Pro League,GolGoharSirjan,4,ShahinBushehr,2
20200717,Estonia Meistriliiga,TJKLegion,1,FCKuressaare,1
20200717,Iran Pro League,TractorSazi,2,Sepahan,1
20200717,Finland Veikkausliiga,SJK,1,IFKMariehamn,2
20200717,Finland Veikkausliiga,FCIlves,0,KuPS,0
20200717,Finland Veikkausliiga,Rops,2,FCHaka,2
20200717,Finland Kakkonen,PargasIdrottsforening,0,KaaPoKaarina,0
20200717,Finland Veikkausliiga,FCInter,1,HJKHelsinki,0
20200717,Belarus Premier League,Slutsk,2,Isloch,1
20200717,Czech FNL,Trinec,1,FCVlasim,2
20200717,Vietnam V League,TTHaNoi,1,HaiPhong,0
20200717,Vietnam V League,HongLinhHaTinh,1,HoChiMinhCity,0
20200717,Vietnam V League,HoangAnhGiaLai,3,QuangNam,1
20200717,Australia A League,SydneyFC,3,WellingtonPhoenix,1
20200717,USA MLS Is Back,Columbus,2,NewYorkRedBulls,0
20200717,USA MLS Is Back,MontrealImpact,3,TorontoFC,4
20200715,Portugal Superliga,FCPorto,2,SportingLisbon,0
20200715,Italy Serie A,Lecce,1,Fiorentina,3
20200715,Italy Serie A,Sassuolo,3,Juventus,3
20200715,Italy Serie A,Udinese,0,Lazio,0
20200715,Italy Serie A,Roma,2,HellasVerona,1
20200715,England Premier League,Arsenal,2,Liverpool,1
20200715,Switzerland Super League,Lugano,1,FCThun,1
20200715,Switzerland Super League,YoungBoys,4,Servette,2
20200715,Norway Tippeligaen,OddGrenland,1,SKBrann,0
20200715,Greece Etniki Katigoria,AEKAthens,0,PAOKSalonika,0
20200715,Portugal Superliga,Braga,1,Belenenses,1
20200715,Slovenia Prva Liga,NKCelje,2,Triglav,2
20200715,Sweden Division 1,Sollentuna,2,Haninge,1
20200715,Sweden Division 1,Utsiktens,2,Trollhattan,0
20200715,Sweden Division 1,Landskrona,1,QvidingFIF,0
20200715,Sweden Division 1,Taby,0,Karlslunds,2
20200715,Sweden Division 1,Tvaakers,1,Torns,2
20200715,Italy Serie A,Bologna,1,Napoli,1
20200715,Italy Serie A,ACMilan,3,Parma,1
20200715,Italy Serie A,Sampdoria,3,Cagliari,0
20200715,Russia Premier League,ZenitStPetersburg,4,GazovikOrenburg,1
20200715,England Championship,NottmForest,2,Swansea,2
20200715,Denmark 1st Division,Koge,0,FremadAmager,1
20200715,England Premier League,ManCity,2,Bournemouth,1
20200715,England Premier League,Newcastle,1,Tottenham,3
20200715,England Premier League,Burnley,1,Wolverhampton,1
20200715,England Championship,Birmingham,1,Charlton,1
20200715,Sweden Allsvenskan,Djurgardens,1,Falkenbergs,0
20200715,Sweden Division 1,TeamThoren,2,IFKLulea,4
20200715,Sweden Division 1,Vasalund,2,Gefle,0
20200715,Sweden Division 1,Linkoping,5,SkovdeAIK,1
20200715,Sweden Division 1,Eskilsminne,1,Oskarshamns,4
20200715,Sweden Division 1,LindomeGIF,0,MotalaAIF,1
20200715,Sweden Allsvenskan,IFKGoteborg,1,Helsingborgs,1
20200715,Sweden Allsvenskan,AIKStockholm,1,IKSirius,0
20200715,Sweden Division 1,AssyriskaTurabdin,2,Karlskrona,0
20200715,Sweden Division 1,Frej,0,Sandviken,0
20200715,Sweden Division 1,Brommapojkarna,0,IFSylvia,0
20200715,Greece Etniki Katigoria,ArisSalonika,0,Panathinaikos,1
20200715,Greece Etniki Katigoria,OFICrete,1,Olympiacos,3
20200715,Switzerland Challenge League,FCStadeLsOuchy,1,Wil,2
20200715,Slovenia Prva Liga,Bravo,0,Maribor,3
20200715,Portugal Superliga,Moreirense,1,PacosFerreira,1
20200715,England Championship,BristolCity,1,Stoke,1
20200715,England Championship,Brentford,1,Preston,0
20200715,Norway Tippeligaen,Stromsgodset,2,Mjondalen,1
20200715,Norway Tippeligaen,Sandefjord,1,Aalesund,0
20200715,Norway Tippeligaen,Molde,5,VikingFK,0
20200715,Ukraine UPL,ShakhtarDonetsk,2,KolosKovalivka,0
20200715,Finland Ykkonen,VPSVaasa,1,MuSa,1
20200715,Sweden Division 1,Karlstad,3,OrebroSyrianska,2
20200715,Norway Tippeligaen,Valerenga,1,Haugesund,0
20200715,Russia Premier League,SpartakMoscow,3,TerekGroznyi,0
20200715,Russia Premier League,KrylyaSovetov,0,Krasnodar,0
20200715,Russia Premier League,UralSverdlovskayaOblast,1,ArsenalTula,3
20200715,Japan J2 League,AvispaFukuoka,1,JubiloIwata,0
20200715,Japan J2 League,TokyoVerdy,4,VentforetKofu,2
20200715,Japan J2 League,MachidaZelvia,3,Niigata,3
20200715,Japan J2 League,GiravanzKitakyushu,0,KyotoPurpleSanga,0
20200715,Japan J2 League,MontedioYamagata,2,ThespaKusatsu,3
20200715,Japan J2 League,TochigiSC,1,OmiyaArdija,0
20200715,Japan J2 League,ZwiegenKanazawa,0,JEFUnitedChiba,2
20200715,Japan J2 League,MitoHollyhock,2,MatsumotoYamaga,2
20200715,Japan J2 League,TokushimaVortis,4,RenofaYamaguchi,0
20200715,Japan J2 League,EhimeFC,0,FagianoOkayama,1
20200715,USA MLS Is Back,Philadelphia,2,InterMiami,1
20200715,USA MLS Is Back,OrlandoCity,3,NewYorkCity,1
20200708,Portugal Superliga,Aves,1,VitoriaSetubal,0
20200708,Iceland Urvalsdeild,BreidablikKopavogur,3,FHHafnarfjordur,3
20200708,Spain Primera Liga,Barcelona,1,Espanyol,0
20200708,Spain Segunda Liga,Huesca,2,Alcorcon,1
20200708,Spain Segunda Liga,Ponferradina,0,Lugo,1
20200708,Italy Serie A,Torino,3,Brescia,1
20200708,Italy Serie A,Roma,2,Parma,1
20200708,Italy Serie A,Atalanta,2,Sampdoria,0
20200708,Italy Serie A,Bologna,1,Sassuolo,2
20200708,Iceland Urvalsdeild,FjolnirReykjavik,0,Grotta,3
20200708,England Premier League,Brighton,1,Liverpool,3
20200708,Iceland Urvalsdeild,IAAkranes,2,HKKopavogs,2
20200708,England Championship,SheffWed,1,Preston,3
20200708,Spain Primera Liga,Getafe,1,Villarreal,3
20200708,Spain Primera Liga,RealBetis,3,Osasuna,0
20200708,Switzerland Super League,Servette,2,Lucerne,0
20200708,Switzerland Super League,FCSion,1,Basle,0
20200708,Greece Etniki Katigoria,AEKAthens,2,OFICrete,0
20200708,Austria Bundesliga,AustriaVienna,1,CSRAltach,0
20200708,Turkey Super Lig,Goztepespor,2,Ankaragucu,2
20200708,Greece Etniki Katigoria,PAOKSalonika,0,Panathinaikos,0
20200708,Iceland Urvalsdeild,VikingurReykjavik,1,ValurReykjavik,5
20200708,Portugal Superliga,Boavista,0,Maritimo,1
20200708,Turkey Super Lig,Alanyaspor,4,Galatasaray,1
20200708,Spain Segunda Liga,RealOviedo,2,LasPalmas,1
20200708,Spain Segunda Liga,Malaga,1,DeportivoLaCoruna,0
20200708,Italy Serie A,Fiorentina,0,Cagliari,0
20200708,Italy Serie A,Genoa,1,Napoli,2
20200708,Russia Premier League,SpartakMoscow,1,LokomotivMoscow,1
20200708,Russia Premier League,FKRostov,1,Ufa,2
20200708,England Premier League,WestHam,0,Burnley,1
20200708,England Premier League,SheffUtd,1,Wolverhampton,0
20200708,England Premier League,ManCity,5,Newcastle,0
20200708,England Championship,Wigan,1,QPR,0
20200708,England Championship,Birmingham,1,Swansea,3
20200708,England Championship,BristolCity,2,Hull,1
20200708,Sweden Superettan,Ljungskile,1,Brage,3
20200708,Sweden Superettan,Halmstads,3,NorrbyIF,0
20200708,Sweden Superettan,Osters,2,Orgryte,0
20200708,Sweden Superettan,GIFSundsvall,3,VasterasSK,1
20200708,Greece Etniki Katigoria,ArisSalonika,2,Olympiacos,4
20200708,Switzerland Super League,YoungBoys,4,FCThun,0
20200708,England Championship,WestBrom,2,Derby,0
20200708,Estonia Meistriliiga,JKTulevikViljandi,2,FloraTallinn,1
20200708,Finland Veikkausliiga,IFKMariehamn,0,FCHonka,0
20200708,Finland Veikkausliiga,Lahti,0,SJK,0
20200708,Finland Veikkausliiga,Rops,0,HIFK,1
20200708,Finland Veikkausliiga,HJKHelsinki,3,FCHaka,1
20200708,Turkey Super Lig,Trabzonspor,2,Antalyaspor,2
20200708,Turkey Super Lig,Sivasspor,0,Malatyaspor,1
20200708,Czech FNL,Trinec,0,Pardubice,1
20200708,Russia Premier League,GazovikOrenburg,0,CSKAMoscow,4
20200708,Russia Premier League,ZenitStPetersburg,2,Sochi,1
20200708,England Championship,Millwall,0,Middlesbrough,2
20200708,Japan J-League,NagoyaGrampusEight,2,GambaOsaka,2
20200708,Japan J-League,FCTokyo,0,KawasakiFrontale,4
20200708,Japan J-League,SanfrecceHiroshima,1,OitaTrinita,2
20200708,Japan J-League,KashimaAntlers,0,ConsadoleSapporo,2
20200708,Japan J-League,SaganTosu,0,VisselKobe,1
20200708,Japan J-League,YokohamaFMarinos,3,ShonanBellmare,2
20200708,Japan J-League,KashiwaReysol,1,YokohamaFC,3
20200708,Japan J-League,VegaltaSendai,1,UrawaRedDiamonds,2
20200721,Paraguay Division Profesional,CerroPorteno,2,Libertad,1
20200721,Portugal Superliga,Aves,0,Benfica,4
20200721,Paraguay Division Profesional,RiverPlateAsuncion,1,NacionalAsuncion,1
20200721,Italy Serie A,Sassuolo,1,ACMilan,2
20200721,England Premier League,AstonVilla,1,Arsenal,0
20200721,Switzerland Challenge League,Grasshoppers,5,Schaffhausen,3
20200721,Switzerland Challenge League,FCStadeLsOuchy,2,SCKriens,0
20200721,Portugal Superliga,SportingLisbon,0,VitoriaSetubal,0
20200721,Italy Serie A,Atalanta,1,Bologna,0
20200721,England Premier League,Watford,0,ManCity,4
20200721,Norway 1. Division,Ranheim,1,Tromso,2
20200721,Switzerland Challenge League,Aarau,2,Chiasso,2
20200721,Switzerland Challenge League,FCVaduz,2,LausanneSports,1
20200721,Switzerland Challenge League,Winterthur,2,Wil,2
20200721,Finland Veikkausliiga,Rops,1,FCIlves,1
20200721,USA MLS Is Back,TorontoFC,0,NewEngland,0
20200721,Australia A League,SydneyFC,1,NewcastleJets,2
20200721,USA Major League Soccer,Philadelphia,1,OrlandoCity,1
20200718,Portugal Superliga,Famalicao,2,Boavista,2
20200718,Italy Serie A,ACMilan,5,Bologna,1
20200718,Croatia 1.HNL,Istra,0,DynamoZagreb,0
20200718,England FA Cup,Arsenal,2,ManCity,0
20200718,Switzerland Super League,FCZurich,0,YoungBoys,5
20200718,Switzerland Challenge League,Wil,1,FCVaduz,2
20200718,Norway Tippeligaen,Haugesund,0,VikingFK,2
20200718,Turkey Super Lig,Galatasaray,3,Goztepespor,1
20200718,Turkey Super Lig,GaziantepBB,2,Kasimpasa,2
20200718,Portugal Superliga,RioAve,2,SantaClara,2
20200718,Italy Serie A,Cagliari,1,Sassuolo,1
20200718,Belarus Premier League,FCRuhBrest,0,BATEBorisov,3
20200718,Georgia Umaglesi Liga,DinamoBatumi,2,Torpedo,0
20200718,Croatia 1.HNL,Varazdin,1,NKOsijek,0
20200718,England Premier League,Norwich,0,Burnley,2
20200718,Iran Pro League,Perspolis,1,Foolad,0
20200718,Switzerland Challenge League,Aarau,1,FCStadeLsOuchy,3
20200718,Iceland Urvalsdeild,KA,1,Grotta,0
20200718,Iceland Urvalsdeild,FjolnirReykjavik,0,FHHafnarfjordur,3
20200718,Albania Superliga,LuftetariGjirokaster,0,SkenderbeuKorce,1
20200718,Albania Superliga,KFTirana,2,FlamurtariVlore,0
20200718,Sweden Superettan,Osters,1,JonkopingSodra,3
20200718,Finland Kakkonen,FCVaajakoski,3,PSKemiII,1
20200718,Sweden Superettan,GAIS,1,Umea,1
20200718,Sweden Superettan,Degerfors,1,Trelleborgs,0
20200718,Italy Serie A,HellasVerona,1,Atalanta,1
20200718,Turkey Lig 1,Giresunspor,1,Altay,2
20200718,Turkey Lig 1,AkhisarBelediyespor,3,Keciorengucu,4
20200718,Turkey Lig 1,AdanaDemirspor,3,Istanbulspor,0
20200718,Turkey Lig 1,Erzurumspor,4,Umraniyespor,1
20200718,Turkey Lig 1,Hatayspor,3,Bursaspor,1
20200718,Turkey Lig 1,FatihKaragumruk,3,Adanaspor,0
20200718,England Championship,Fulham,5,SheffWed,3
20200718,England Conference,Yeovil,0,Barnet,2
20200718,England Championship,Middlesbrough,1,Cardiff,3
20200718,England Championship,Preston,2,Birmingham,0
20200718,England Championship,QPR,4,Millwall,3
20200718,England Championship,Swansea,1,BristolCity,0
20200718,England Championship,Hull,0,Luton,1
20200718,England Championship,Blackburn,4,Reading,3
20200718,Finland Ykkonen,ACOulu,1,VPSVaasa,0
20200718,Georgia Umaglesi Liga,SaburtaloTbilisi,0,LokomotiviTbilisi,0
20200718,Finland Kakkonen,Pepo,1,EPS,1
20200718,Finland Kakkonen,NJS,1,PKKeskiUusimaa,1
20200718,Finland Veikkausliiga,HIFK,0,Lahti,3
20200718,Sweden Superettan,GIFSundsvall,0,NorrbyIF,0
20200718,Estonia Meistriliiga,LevadiaTallinn,1,FloraTallinn,3
20200718,Finland Ykkonen,EIF,5,FFJaro,1
20200718,Sweden Division 1,Torns,0,Landskrona,0
20200718,Vietnam V League,HaNoi,3,NamDinh,0
20200718,Finland Kakkonen,Viikingit,2,Kultsu,0
20200718,Finland Kakkonen,SalPa,0,Ilves,26
20200718,Finland Kakkonen,Espoo,2,HJS,1
20200718,Finland Kakkonen,FCKiisto,3,SCKufu,5
20200718,Finland Ykkonen,SJKII,0,MuSa,2
20200718,Sweden Division 1,Karlskrona,0,LindomeGIF,2
20200718,England Championship,Charlton,2,Wigan,2
20200718,England Championship,Stoke,1,Brentford,0
20200718,South Korea K League 1,FCSeoul,1,PohangSteelers,3
20200718,Sweden Superettan,Ljungskile,2,Dalkurd,2
20200718,Sweden Division 1,OrebroSyrianska,1,Sollentuna,2
20200718,Finland Veikkausliiga,FCHonka,3,TPS,1
20200718,Vietnam V League,SongLamNgheAn,1,Viettel,2
20200718,Vietnam V League,BinhDuong,0,ThanhHoa,1
20200718,Vietnam V League,DaNang,1,QuangNinh,2
20200718,Japan J2 League,JEFUnitedChiba,1,TokyoVerdy,2
20200718,Japan J2 League,RenofaYamaguchi,4,FCRyukyu,1
20200718,South Korea K League 1,SangjuSangmu,2,DaeguFC,0
20200718,Japan J-League,GambaOsaka,2,OitaTrinita,1
20200718,Estonia Meistriliiga,JKTallinnaKalev,0,JKTulevikViljandi,2
20200718,Japan J-League,FCTokyo,2,UrawaRedDiamonds,0
20200718,Japan J-League,SanfrecceHiroshima,1,CerezoOsaka,2
20200718,Japan J-League,KashiwaReysol,3,ShonanBellmare,2
20200718,Japan J-League,KashimaAntlers,4,YokohamaFMarinos,2
20200718,Japan J-League,NagoyaGrampusEight,1,SaganTosu,0
20200718,Japan J-League,VegaltaSendai,2,ConsadoleSapporo,2
20200718,Japan J-League,YokohamaFC,1,KawasakiFrontale,5
20200718,South Korea K League 1,BusanIPark,0,GwangjuFC,0
20200718,South Korea K League 2,ChunnamDragons,2,Bucheon,19950
20200718,Australia A League,PerthGlory,1,CentralCoastMariners,0
20200718,USA MLS Is Back,RealSaltLake,0,MinnesotaStars,0
20200718,USA MLS Is Back,DCUnited,1,NewEngland,1
20200718,USA MLS Is Back,KansasCity,3,Colorado,2
20200712,Spain Primera Liga,Sevilla,2,Mallorca,0
20200712,Spain Segunda Liga,RealZaragoza,2,RealOviedo,4
20200712,Italy Serie A,Napoli,2,ACMilan,2
20200712,Iceland Urvalsdeild,HKKopavogs,0,VikingurReykjavik,2
20200712,Croatia 1.HNL,DynamoZagreb,2,HajdukSplit,3
20200712,Greece Etniki Katigoria,Olympiacos,0,PAOKSalonika,1
20200712,Norway Tippeligaen,SKBrann,3,Sandefjord,1
20200712,Slovenia Prva Liga,Olimpija,0,Aluminij,1
20200712,Slovenia Prva Liga,Maribor,1,NKCelje,2
20200712,Turkey Super Lig,Fenerbahce,1,Sivasspor,2
20200712,Turkey Super Lig,Antalyaspor,1,Alanyaspor,0
20200712,England Premier League,Bournemouth,4,Leicester,1
20200712,Russia Premier League,Krasnodar,3,UralSverdlovskayaOblast,0
20200712,Italy Serie A,Parma,2,Bologna,2
20200712,Italy Serie A,Fiorentina,1,HellasVerona,1
20200712,Italy Serie A,Cagliari,0,Lecce,0
20200712,Italy Serie A,Udinese,1,Sampdoria,3
20200712,Spain Segunda Liga,Lugo,2,Girona,2
20200712,Spain Segunda Liga,Numancia,1,Ponferradina,0
20200712,Spain Primera Liga,Leganes,1,Valencia,0
20200712,Belarus Premier League,FKVitebsk,0,NemanGrodno,0
20200712,Georgia Umaglesi Liga,Torpedo,0,DinamoTbilisi,0
20200712,Greece Etniki Katigoria,Panathinaikos,1,AEKAthens,3
20200712,Iceland Urvalsdeild,Grotta,0,IAAkranes,4
20200712,Croatia 1.HNL,NKSlaven,1,Lokomotiva,1
20200712,Ukraine UPL,Oleksandria,2,DynamoKiev,2
20200712,Ukraine UPL,DesnaChernigov,2,ShakhtarDonetsk,4
20200712,Estonia Meistriliiga,LevadiaTallinn,4,TJKLegion,0
20200712,Norway Tippeligaen,Mjondalen,0,Valerenga,1
20200712,Norway Tippeligaen,Sarpsborg,1,IKStart,0
20200712,Norway Tippeligaen,VikingFK,1,OddGrenland,2
20200712,Norway Tippeligaen,Kristiansund,1,Stabaek,2
20200712,Slovenia Prva Liga,Triglav,1,TaborSezana,2
20200712,Russia Premier League,GazovikOrenburg,0,FKRostov,0
20200712,Russia Premier League,CSKAMoscow,1,RubinKazan,1
20200712,Russia Premier League,DinamoMoscow,2,KrylyaSovetov,0
20200712,England Premier League,Tottenham,2,Arsenal,1
20200712,Turkey Super Lig,Ankaragucu,1,Galatasaray,0
20200712,Finland Veikkausliiga,FCHonka,1,KuPS,1
20200712,Finland Kakkonen,GrankullaIFK,2,Klubi,048
20200712,Sweden Allsvenskan,IFKGoteborg,1,Djurgardens,2
20200712,Sweden Allsvenskan,Mjallby,3,BKHacken,1
20200712,Sweden Superettan,VasterasSK,2,Ljungskile,1
20200712,Sweden Superettan,VasbyUnited,1,Brage,2
20200712,Belarus Premier League,DinamoMinsk,1,Minsk,0
20200712,Italy Serie A,Genoa,2,Spal,0
20200712,Spain Primera Liga,Levante,1,AthleticBilbao,2
20200712,Spain Segunda Liga,DeportivoLaCoruna,2,Extremadura,3
20200712,Uzbekistan PRL,MetallurgBekabad,2,Sogdiyona,0
20200712,Turkey Lig 1,Keciorengucu,3,FatihKaragumruk,0
20200712,Turkey Lig 1,Umraniyespor,2,AdanaDemirspor,3
20200712,Turkey Lig 1,Altay,0,Erzurumspor,1
20200712,Turkey Lig 1,Altinordu,3,Giresunspor,1
20200712,Turkey Lig 1,Boluspor,0,AkhisarBelediyespor,1
20200712,Turkey Lig 1,Adanaspor,1,Hatayspor,2
20200712,Turkey Lig 1,Bursaspor,2,MenemenBelediyespor,2
20200712,Turkey Lig 1,Istanbulspor,1,Osmanlispor,0
20200712,Ukraine UPL,IllichivetsMariupol,1,OlimpikDonetsk,4
20200712,Switzerland Super League,Lucerne,3,Lugano,3
20200712,Switzerland Super League,Servette,1,StGallen,1
20200712,Switzerland Super League,FCThun,3,NeuchatelXamax,0
20200712,Uzbekistan PRL,Andijon,0,SurkhonTermez,1
20200712,Finland Kakkonen,Ilves,23,Espoo,2
20200712,Belarus Premier League,EnergetikBGU,1,FCRuhBrest,8
20200712,Russia Premier League,LokomotivMoscow,1,Ufa,1
20200712,England Premier League,AstonVilla,2,CrystalPalace,0
20200712,Estonia Meistriliiga,NommeJKKalju,2,JKTallinnaKalev,0
20200712,Finland Kakkonen,VIFK,0,Jippo,2
20200712,Sweden Allsvenskan,Orebro,1,Varbergs,0
20200712,Sweden Allsvenskan,Helsingborgs,2,AIKStockholm,0
20200712,England Championship,Stoke,2,Birmingham,0
20200712,England Championship,Swansea,0,Leeds,1
20200712,Denmark 1st Division,Roskilde,2,Skive,2
20200712,Vietnam V League,HaNoi,3,ThanhHoa,0
20200712,Spain Primera Liga,Espanyol,0,Eibar,2
20200712,England Premier League,Wolverhampton,3,Everton,0
20200712,Vietnam V League,NamDinh,1,QuangNam,0
20200712,Japan J-League,YokohamaFMarinos,1,FCTokyo,3
20200712,Japan J-League,CerezoOsaka,0,NagoyaGrampusEight,2
20200712,Japan J-League,UrawaRedDiamonds,1,KashimaAntlers,0
20200712,Vietnam V League,SongLamNgheAn,1,HongLinhHaTinh,1
20200712,Vietnam V League,DaNang,1,TTHaNoi,1
20200712,Japan J-League,ShonanBellmare,0,ConsadoleSapporo,0
20200712,South Korea K League 1,GangwonFC,4,GwangjuFC,1
20200712,South Korea K League 2,GoyangKB,0,ChunnamDragons,0
20200712,South Korea K League 2,AnsanGreeners,0,DaejeonCitizen,2
20200712,Japan J-League,YokohamaFC,1,VegaltaSendai,1
20200712,Japan J-League,SaganTosu,0,SanfrecceHiroshima,0
20200712,USA MLS Is Back,Cincinnati,0,Columbus,4
20200712,USA Major League Soccer,AtlantaUnited,0,NewYorkRedBulls,1
20200712,USA MLS Is Back,AtlantaUnited,0,NewYorkRedBulls,1
20200711,Spain Primera Liga,AtleticoMadrid,1,RealBetis,0
20200711,Spain Segunda Liga,Cadiz,0,Fuenlabrada,1
20200711,Italy Serie A,Juventus,2,Atalanta,2
20200711,Croatia 1.HNL,NKOsijek,2,Istra,0
20200711,England Premier League,Brighton,0,ManCity,5
20200711,Albania Superliga,Kukesi,3,TeutaDurres,0
20200711,Albania Superliga,SkenderbeuKorce,2,Vllaznia,1
20200711,Norway Tippeligaen,Rosenborg,3,Stromsgodset,0
20200711,Greece Etniki Katigoria,OFICrete,0,ArisSalonika,1
20200711,Switzerland Super League,Basle,3,YoungBoys,2
20200711,Switzerland Challenge League,Aarau,2,Winterthur,3
20200711,Portugal Superliga,Belenenses,0,Moreirense,1
20200711,Turkey Super Lig,Goztepespor,1,Genclerbirligi,3
20200711,Slovenia Prva Liga,Domzale,1,Bravo,1
20200711,Spain Segunda Liga,LasPalmas,1,Mirandes,0
20200711,Russia Premier League,Sochi,1,SpartakMoscow,0
20200711,Italy Serie A,Brescia,0,Roma,3
20200711,Spain Primera Liga,Valladolid,0,Barcelona,1
20200711,Belarus Premier League,ShakhtyorSoligorsk,4,Gorodeya,1
20200711,Turkey Lig 1,Balikesirspor,2,Eskisehirspor,0
20200711,Georgia Umaglesi Liga,DilaGori,4,MeraniTbilisi,0
20200711,Croatia 1.HNL,InterZapresic,0,NKRijeka,1
20200711,England Premier League,SheffUtd,3,Chelsea,0
20200711,Iran Pro League,SanatNaft,1,NassajiMazandaran,1
20200711,Iran Pro League,Paykan,2,GolGoharSirjan,0
20200711,Iran Pro League,Esteghlal,0,TractorSazi,0
20200711,Iran Pro League,Sepahan,1,ParsJonoubiJam,1
20200711,Switzerland Challenge League,Chiasso,2,SCKriens,4
20200711,Norway Tippeligaen,Haugesund,0,Molde,3
20200711,Iran Pro League,PadidehKhorasan,1,Saipa,1
20200711,Estonia Meistriliiga,FCKuressaare,2,Tammeka,4
20200711,Albania Superliga,Laci,3,LuftetariGjirokaster,1
20200711,Russia Premier League,TerekGroznyi,1,ZenitStPetersburg,1
20200711,Sweden Superettan,Orgryte,0,GIFSundsvall,2
20200711,Belarus Premier League,BATEBorisov,1,SlaviaMozyr,1
20200711,Italy Serie A,Lazio,1,Sassuolo,2
20200711,Czech FNL,DuklaPraha,2,SlovanVarnsdorf,1
20200711,Czech FNL,SKLisen,6,Trinec,2
20200711,Czech FNL,SkProstejov,0,FCBrno,0
20200711,Czech FNL,Pardubice,4,Vysehrad,1
20200711,Czech FNL,UstinadLabem,1,ViktoriaZizkov,0
20200711,Czech FNL,FCVlasim,2,Jihlava,3
20200711,Czech FNL,MFKVitkovice,1,HradecKralove,4
20200711,Czech FNL,Sokolov,3,Chrudim,0
20200711,Denmark 1st Division,KoldingIF,0,Hvidovre,2
20200711,Spain Segunda Liga,RacingSantander,1,Huesca,0
20200711,Spain Primera Liga,Osasuna,2,CeltadeVigo,1
20200711,England Premier League,Liverpool,1,Burnley,1
20200711,England Championship,Blackburn,1,WestBrom,1
20200711,England Championship,Barnsley,0,Wigan,0
20200711,England Championship,Middlesbrough,1,BristolCity,3
20200711,England Championship,Preston,1,NottmForest,1
20200711,England Championship,QPR,0,SheffWed,3
20200711,England Championship,Hull,0,Millwall,1
20200711,Finland Veikkausliiga,FCInter,5,FCIlves,1
20200711,Finland Ykkonen,KPV,2,EIF,2
20200711,Finland Ykkonen,ACKajaani,1,IFGnistan,1
20200711,Finland Ykkonen,ACOulu,1,SJKII,0
20200711,Finland Kakkonen,JJK,2,FCKiisto,0
20200711,Sweden Division 1,Sandviken,2,Sollentuna,1
20200711,Ukraine UPL,KolosKovalivka,0,ZarjaLugansk,2
20200711,Belarus Premier League,Belshina,2,TorpedoZhodino,1
20200711,Finland Ykkonen,VPSVaasa,1,MyPa,0
20200711,Finland Ykkonen,FCKooTeePee,0,MuSa,0
20200711,Estonia Meistriliiga,FloraTallinn,3,FCFloraPaide,1
20200711,Russia Premier League,ArsenalTula,2,Tambov,1
20200711,Finland Kakkonen,EPS,1,NJS,0
20200711,Finland Kakkonen,PSKemiII,0,OLSOulu,1
20200711,Sweden Division 1,Torns,4,Utsiktens,0
20200711,Sweden Division 1,Oskarshamns,0,Trollhattan,1
20200711,Sweden Division 1,SkovdeAIK,1,LindomeGIF,3
20200711,Sweden Division 1,Karlskrona,0,Linkoping,6
20200711,Sweden Allsvenskan,Hammarby,0,IKSirius,0
20200711,Sweden Allsvenskan,Falkenbergs,0,Ostersunds,1
20200711,Sweden Division 1,IFKVarnamo,3,Eskilsminne,0
20200711,Sweden Division 1,MotalaAIF,1,Landskrona,3
20200711,Vietnam V League,Viettel,4,HaiPhong,0
20200711,Finland Kakkonen,PKKeskiUusimaa,2,FCHonkaAkatemia,5
20200711,Finland Kakkonen,JSHercules,4,FCVaajakoski,0
20200711,Sweden Division 1,TeamThoren,2,Karlstad,2
20200711,Sweden Division 1,Lund,3,Tvaakers,1
20200711,Sweden Division 1,IFKLulea,3,Karlslunds,2
20200711,Denmark 1st Division,Nykobing,0,Koge,1
20200711,England Championship,Derby,1,Brentford,3
20200711,England Championship,Charlton,0,Reading,1
20200711,England Premier League,Watford,2,Newcastle,1
20200711,England Premier League,Norwich,0,WestHam,4
20200711,Sweden Division 1,Vasalund,3,Taby,1
20200711,Sweden Division 1,OrebroSyrianska,2,Gefle,2
20200711,Finland Kakkonen,Kultsu,0,LahdenReipas,1
20200711,Vietnam V League,QuangNinh,0,HoChiMinhCity,3
20200711,South Korea K League 1,PohangSteelers,1,SuwonBluewings,1
20200711,South Korea K League 2,SuwonCity,1,ChungnamAsan,1
20200711,Sweden Division 1,QvidingFIF,3,AssyriskaTurabdin,1
20200711,Vietnam V League,BinhDuong,1,HoangAnhGiaLai,1
20200711,Japan J2 League,OmiyaArdija,1,TokyoVerdy,0
20200711,Japan J2 League,MontedioYamagata,1,MitoHollyhock,1
20200711,Japan J2 League,JubiloIwata,2,RenofaYamaguchi,1
20200711,Japan J2 League,ThespaKusatsu,0,MachidaZelvia,1
20200711,Japan J2 League,JEFUnitedChiba,0,TochigiSC,1
20200711,Japan J-League,OitaTrinita,1,VisselKobe,1
20200711,Japan J-League,KawasakiFrontale,3,KashiwaReysol,1
20200711,South Korea K League 1,IncheonUnited,1,SangjuSangmu,1
20200711,South Korea K League 1,JeonbukMotors,2,SeongnamIlhwaChunma,2
20200711,Japan J2 League,FCRyukyu,1,TokushimaVortis,3
20200711,Japan J2 League,KyotoPurpleSanga,2,AvispaFukuoka,0
20200711,Japan J2 League,VentforetKofu,2,ZwiegenKanazawa,1
20200711,Japan J2 League,Niigata,1,MatsumotoYamaga,0
20200705,Portugal Superliga,FCPorto,5,Belenenses,0
20200705,Spain Primera Liga,Villarreal,1,Barcelona,4
20200705,Spain Segunda Liga,Alcorcon,2,Lugo,2
20200705,Italy Serie A,Napoli,2,Roma,1
20200705,Croatia 1.HNL,NKRijeka,2,DynamoZagreb,0
20200705,Norway Tippeligaen,Stabaek,0,Rosenborg,3
20200705,Greece Etniki Katigoria,Panathinaikos,0,Olympiacos,0
20200705,Slovenia Prva Liga,Maribor,3,Mura,2
20200705,Portugal Superliga,Tondela,0,Famalicao,1
20200705,Turkey Super Lig,Konyaspor,1,CaykurRizespor,0
20200705,Turkey Super Lig,Galatasaray,1,Trabzonspor,3
20200705,England Premier League,Southampton,1,ManCity,0
20200705,Russia Premier League,Krasnodar,2,ZenitStPetersburg,4
20200705,Italy Serie A,Cagliari,0,Atalanta,1
20200705,Spain Segunda Liga,LasPalmas,3,Ponferradina,0
20200705,Spain Segunda Liga,Malaga,0,Albacete,0
20200705,Spain Primera Liga,Osasuna,0,Getafe,0
20200705,Italy Serie A,Udinese,2,Genoa,2
20200705,Italy Serie A,Sampdoria,3,Spal,0
20200705,Italy Serie A,Parma,1,Fiorentina,2
20200705,Italy Serie A,Brescia,2,HellasVerona,0
20200705,Turkey Lig 1,Osmanlispor,3,Umraniyespor,2
20200705,Turkey Lig 1,AdanaDemirspor,2,Altay,2
20200705,Georgia Umaglesi Liga,MeraniTbilisi,0,Torpedo,2
20200705,Belarus Premier League,FCRuhBrest,1,DinamoMinsk,0
20200705,Croatia 1.HNL,HajdukSplit,0,NKOsijek,1
20200705,Iran Pro League,Saipa,0,Sepahan,0
20200705,Iran Pro League,NaftTehran,1,MachineSaziTabriz,0
20200705,Ukraine UPL,ZarjaLugansk,2,Oleksandria,2
20200705,Greece Etniki Katigoria,ArisSalonika,1,AEKAthens,4
20200705,Estonia Esiliiga,Maardu,3,Vandra,1
20200705,Estonia Esiliiga,ParnuJalgpalliklubi,3,Elva,2
20200705,Iran Pro League,GolGoharSirjan,0,PadidehKhorasan,1
20200705,Norway Tippeligaen,Molde,2,Mjondalen,1
20200705,Norway Tippeligaen,Stromsgodset,2,Kristiansund,2
20200705,Norway Tippeligaen,OddGrenland,0,Haugesund,0
20200705,Iceland Urvalsdeild,KA,2,BreidablikKopavogur,2
20200705,Portugal Superliga,GilVicente,1,RioAve,0
20200705,Norway Tippeligaen,Sandefjord,0,Sarpsborg,3
20200705,Albania Superliga,LuftetariGjirokaster,0,Vllaznia,1
20200705,Albania Superliga,Laci,2,FlamurtariVlore,1
20200705,Turkey Super Lig,Kasimpasa,0,Sivasspor,0
20200705,Finland Ykkonen,MP,1,KPV,2
20200705,Finland Ykkonen,IFGnistan,1,FFJaro,2
20200705,England Premier League,Liverpool,2,AstonVilla,0
20200705,Russia Premier League,RubinKazan,1,GazovikOrenburg,0
20200705,Sweden Allsvenskan,BKHacken,3,Hammarby,0
20200705,Sweden Allsvenskan,IKSirius,2,Orebro,1
20200705,Finland Kakkonen,GrankullaIFK,2,Espoo,1
20200705,Italy Serie A,InterMilan,1,Bologna,2
20200705,Spain Primera Liga,Espanyol,0,Leganes,1
20200705,Spain Segunda Liga,DeportivoLaCoruna,2,Huesca,1
20200705,Slovenia Prva Liga,Triglav,3,Olimpija,7
20200705,Czech FNL,Trinec,2,Sokolov,1
20200705,Austria Bundesliga,LASKLinz,0,RBSalzburg,3
20200705,Austria Bundesliga,SKSturmGraz,1,Hartberg,4
20200705,Austria Bundesliga,Wolfsberger,3,RapidVienna,1
20200705,Sweden Division 1,Trollhattan,1,SkovdeAIK,0
20200705,Sweden Division 1,Karlstad,0,IFKLulea,1
20200705,Belarus Premier League,TorpedoZhodino,1,ShakhtyorSoligorsk,4
20200705,Turkey Lig 1,Giresunspor,0,Erzurumspor,2
20200705,Turkey Lig 1,Hatayspor,1,Keciorengucu,0
20200705,England Championship,WestBrom,4,Hull,2
20200705,Switzerland Super League,Lucerne,3,FCThun,0
20200705,Switzerland Super League,StGallen,2,FCSion,1
20200705,Switzerland Super League,YoungBoys,3,Lugano,0
20200705,Sweden Division 1,Nykoping,0,Sandviken,4
20200705,Ukraine UPL,DesnaChernigov,5,KolosKovalivka,1
20200705,Sweden Division 1,Karlslunds,3,Haninge,0
20200705,Russia Premier League,Ufa,1,UralSverdlovskayaOblast,1
20200705,England Premier League,Newcastle,2,WestHam,2
20200705,England Championship,Middlesbrough,0,QPR,1
20200705,Denmark 1st Division,Skive,1,Fredericia,0
20200705,Sweden Division 1,Landskrona,4,Lund,4
20200705,Sweden Division 1,Utsiktens,4,Karlskrona,0
20200705,Sweden Division 1,AssyriskaTurabdin,2,IFKVarnamo,0
20200705,Sweden Division 1,Linkoping,1,Torns,1
20200705,Sweden Division 1,Gefle,0,IFSylvia,0
20200705,Belarus Premier League,Minsk,2,Belshina,2
20200705,Sweden Superettan,VasterasSK,2,GAIS,2
20200705,Sweden Allsvenskan,AIKStockholm,1,Falkenbergs,1
20200705,Sweden Allsvenskan,Elfsborg,1,Malmo,0
20200705,Vietnam V League,Viettel,1,TTHaNoi,1
20200705,Spain Primera Liga,AthleticBilbao,0,RealMadrid,1
20200705,Sweden Division 1,Sollentuna,2,Frej,1
20200705,Sweden Division 1,LindomeGIF,7,Oskarshamns,1
20200705,Sweden Division 1,Taby,5,TeamThoren,1
20200705,Sweden Division 1,Eskilsminne,2,MotalaAIF,2
20200705,England Championship,Swansea,2,SheffWed,1
20200705,England Premier League,Burnley,1,SheffUtd,1
20200705,Denmark 1st Division,Hvidovre,1,Koge,1
20200705,Vietnam V League,QuangNam,2,SongLamNgheAn,1
20200705,Vietnam V League,HaiPhong,0,HaNoi,2
20200705,Japan J2 League,TochigiSC,1,TokyoVerdy,1
20200705,Japan J2 League,RenofaYamaguchi,0,EhimeFC,3
20200705,South Korea K League 1,SangjuSangmu,1,JeonbukMotors,0
20200705,South Korea K League 1,SeongnamIlhwaChunma,0,PohangSteelers,4
20200705,South Korea K League 1,GwangjuFC,2,DaeguFC,4
20200705,South Korea K League 2,GoyangKB,1,JejuUnited,2
20200705,South Korea K League 2,ChungnamAsan,2,GyeongnamFC,1
20200705,Japan J2 League,JubiloIwata,1,FagianoOkayama,1
20200719,Portugal Superliga,Guimaraes,1,Maritimo,0
20200719,Iceland Urvalsdeild,BreidablikKopavogur,1,ValurReykjavik,2
20200719,Italy Serie A,Roma,2,InterMilan,2
20200719,Iceland Urvalsdeild,VikingurReykjavik,6,IAAkranes,2
20200719,Croatia 1.HNL,HajdukSplit,2,NKRijeka,3
20200719,Spain Primera Liga,Sevilla,1,Valencia,0
20200719,Spain Primera Liga,Osasuna,2,Mallorca,2
20200719,Spain Primera Liga,Levante,1,Getafe,0
20200719,Spain Primera Liga,Leganes,2,RealMadrid,2
20200719,Spain Primera Liga,Granada,4,AthleticBilbao,0
20200719,Spain Primera Liga,Espanyol,0,CeltadeVigo,0
20200719,Spain Primera Liga,AtleticoMadrid,1,RealSociedad,1
20200719,Albania Superliga,Vllaznia,1,Kukesi,0
20200719,Albania Superliga,TeutaDurres,0,PartizaniTirana,0
20200719,Norway Tippeligaen,SKBrann,1,IKStart,1
20200719,Slovenia Prva Liga,Olimpija,1,TaborSezana,2
20200719,Slovenia Prva Liga,RudarVelenje,0,NKCelje,2
20200719,Slovenia Prva Liga,Maribor,2,Domzale,1
20200719,Turkey Super Lig,CaykurRizespor,3,Malatyaspor,0
20200719,Turkey Super Lig,Trabzonspor,3,Konyaspor,4
20200719,Turkey Super Lig,Ankaragucu,0,Antalyaspor,1
20200719,Turkey Super Lig,Sivasspor,2,Genclerbirligi,0
20200719,Turkey Super Lig,Besiktas,2,Fenerbahce,0
20200719,Turkey Super Lig,IstanbulBuyuksehirBSK,1,Kayserispor,0
20200719,Turkey Super Lig,Alanyaspor,1,Denizlispor,0
20200719,Portugal Superliga,Belenenses,1,GilVicente,0
20200719,Belarus Premier League,TorpedoZhodino,0,DinamoMinsk,0
20200719,Italy Serie A,Genoa,2,Lecce,1
20200719,Iceland Urvalsdeild,FylkirReykjavik,0,KRReykjavik,3
20200719,Italy Serie A,Napoli,2,Udinese,1
20200719,Italy Serie A,Fiorentina,2,Torino,0
20200719,Italy Serie A,Brescia,2,Spal,1
20200719,Russia Premier League,Krasnodar,0,DinamoMoscow,2
20200719,Georgia Umaglesi Liga,DinamoTbilisi,1,DilaGori,2
20200719,England FA Cup,ManUtd,1,Chelsea,3
20200719,Greece Etniki Katigoria,Panathinaikos,3,OFICrete,2
20200719,Greece Etniki Katigoria,PAOKSalonika,0,ArisSalonika,0
20200719,Greece Etniki Katigoria,Olympiacos,3,AEKAthens,0
20200719,Croatia 1.HNL,Lokomotiva,1,Gorica,1
20200719,Spain Primera Liga,Villarreal,4,Eibar,0
20200719,Spain Primera Liga,Valladolid,2,RealBetis,0
20200719,Ukraine UPL,KolosKovalivka,2,DynamoKiev,0
20200719,Ukraine UPL,Oleksandria,2,ShakhtarDonetsk,2
20200719,Ukraine UPL,ZarjaLugansk,1,DesnaChernigov,1
20200719,Norway Tippeligaen,Stromsgodset,0,Molde,4
20200719,Norway Tippeligaen,Aalesund,1,Stabaek,3
20200719,Norway Tippeligaen,Kristiansund,0,Valerenga,0
20200719,Norway Tippeligaen,Rosenborg,2,Sandefjord,1
20200719,Norway Tippeligaen,Sarpsborg,2,OddGrenland,0
20200719,Estonia Esiliiga,ParnuJalgpalliklubi,2,LevadiaTallinnII,0
20200719,Estonia Esiliiga,TammekaTartuII,1,Vaprus,2
20200719,Estonia Esiliiga,Maardu,1,Elva,1
20200719,Estonia Esiliiga,Vandra,1,FloraII,3
20200719,Slovenia Prva Liga,Triglav,1,Bravo,4
20200719,Slovenia Prva Liga,Mura,1,Aluminij,1
20200719,Albania Superliga,BylisBallsh,0,Laci,3
20200719,Belarus Premier League,NemanGrodno,0,ShakhtyorSoligorsk,0
20200719,Finland Ykkonen,IFGnistan,0,FCKooTeePee,3
20200719,Finland Ykkonen,MP,2,ACKajaani,1
20200719,Sweden Allsvenskan,Elfsborg,1,Djurgardens,0
20200719,Sweden Allsvenskan,Ostersunds,2,BKHacken,2
20200719,Sweden Superettan,Halmstads,2,VasbyUnited,1
20200719,Sweden Allsvenskan,Falkenbergs,2,Helsingborgs,2
20200719,Italy Serie A,Parma,2,Sampdoria,3
20200719,Spain Primera Liga,Alaves,0,Barcelona,5
20200719,England Premier League,Tottenham,3,Leicester,0
20200719,England Conference North,BrackleyTown,1,Gateshead,1
20200719,Sweden Division 1,Brommapojkarna,1,Gefle,0
20200719,Turkey Lig 1,Eskisehirspor,0,Boluspor,3
20200719,Turkey Lig 1,Osmanlispor,4,Balikesirspor,3
20200719,Switzerland Super League,Lucerne,1,NeuchatelXamax,2
20200719,Switzerland Super League,Servette,2,Basle,2
20200719,Switzerland Super League,FCSion,1,Lugano,1
20200719,Switzerland Super League,FCThun,2,StGallen,1
20200719,England Championship,Barnsley,1,NottmForest,0
20200719,Sweden Division 1,Sandviken,1,IFSylvia,2
20200719,Sweden Division 1,Nykoping,1,Taby,3
20200719,Finland Kakkonen,OLSOulu,1,VIFK,2
20200719,Finland Kakkonen,FCHonkaAkatemia,1,Kiffen,0
20200719,Finland Kakkonen,LahdenReipas,1,MiPK,2
20200719,Finland Kakkonen,TPVTampere,2,GrankullaIFK,2
20200719,Finland Kakkonen,JBKPietarsaari,2,JJK,3
20200719,Sweden Division 1,Karlslunds,3,Karlstad,0
20200719,Ukraine UPL,Lviv,0,IllichivetsMariupol,2
20200719,Belarus Premier League,Minsk,2,EnergetikBGU,1
20200719,Sweden Division 1,Vasalund,4,Frej,0
20200719,Sweden Division 1,SkovdeAIK,2,Tvaakers,0
20200719,Sweden Division 1,Utsiktens,2,Linkoping,1
20200719,England Championship,Derby,1,Leeds,3
20200719,England Premier League,Bournemouth,0,Southampton,2
20200719,England Conference North,Altrincham,3,Chester,2
20200719,Sweden Superettan,Brage,3,Orgryte,2
20200719,Sweden Allsvenskan,Varbergs,2,AIKStockholm,2
20200719,Sweden Allsvenskan,Malmo,2,Kalmar,1
20200719,Sweden Allsvenskan,IKSirius,4,IFKNorrkoping,2
20200719,Sweden Division 1,Trollhattan,1,AssyriskaTurabdin,3
20200719,Sweden Division 1,Haninge,7,TeamThoren,0
20200719,Sweden Division 1,Lund,1,MotalaAIF,2
20200719,Sweden Division 1,Oskarshamns,1,IFKVarnamo,2
20200719,Finland Kakkonen,RoPSFarmi,1,JSHercules,1
20200719,Denmark 1st Division,Nykobing,0,Vendsyssel,2
20200719,Denmark 1st Division,KoldingIF,2,FremadAmager,2
20200719,Denmark 1st Division,Roskilde,1,Fredericia,0
20200719,Denmark 1st Division,Naestved,0,Hvidovre,2
20200719,Denmark 1st Division,Vejle,1,Viborg,1
20200719,Denmark 1st Division,Skive,3,Koge,2
20200719,Sweden Division 1,QvidingFIF,1,Eskilsminne,0
20200719,Japan J2 League,TokushimaVortis,0,AvispaFukuoka,1
20200719,South Korea K League 1,SuwonBluewings,0,SeongnamIlhwaChunma,1
20200719,South Korea K League 1,IncheonUnited,1,JeonbukMotors,1
20200719,South Korea K League 2,DaejeonCitizen,1,SuwonCity,4
20200719,Japan J2 League,MitoHollyhock,4,MachidaZelvia,0
20200719,Japan J2 League,JubiloIwata,2,GiravanzKitakyushu,0
20200719,Japan J2 League,KyotoPurpleSanga,2,EhimeFC,1
20200719,Australia A League,BrisbaneRoar,0,AdelaideUnited,1
20200719,Japan J2 League,Niigata,1,MontedioYamagata,1
20200719,Japan J2 League,TochigiSC,0,ZwiegenKanazawa,1
20200719,Japan J2 League,VentforetKofu,1,OmiyaArdija,0
20200719,Japan J2 League,MatsumotoYamaga,2,ThespaKusatsu,0
20200719,USA MLS Is Back,LosAngelesFC,6,LAGalaxy,2
20200719,USA MLS Is Back,PortlandTimbers,2,Houston,1
20200704,Portugal Superliga,Braga,4,Aves,0
20200704,Portugal Superliga,Benfica,3,Boavista,1
20200704,Spain Primera Liga,Granada,2,Valencia,2
20200704,Italy Serie A,Lazio,0,ACMilan,3
20200704,Spain Segunda Liga,Cadiz,2,RealOviedo,0
20200704,Spain Segunda Liga,Fuenlabrada,2,Mirandes,2
20200704,England Premier League,Chelsea,3,Watford,0
20200704,Croatia 1.HNL,Lokomotiva,3,InterZapresic,1
20200704,Croatia 1.HNL,Varazdin,1,NKSlaven,0
20200704,Switzerland Super League,FCZurich,2,Servette,0
20200704,Switzerland Challenge League,Wil,2,SCKriens,0
20200704,Greece Etniki Katigoria,OFICrete,2,PAOKSalonika,2
20200704,Norway Tippeligaen,Valerenga,2,Aalesund,2
20200704,Portugal Superliga,Portimonense,0,Guimaraes,1
20200704,Turkey Super Lig,Antalyaspor,0,IstanbulBuyuksehirBSK,2
20200704,Turkey Super Lig,Fenerbahce,2,Goztepespor,1
20200704,Slovenia Prva Liga,RudarVelenje,1,Aluminij,3
20200704,Germany DFB Pokal,BayerLeverkusen,2,BayernMunich,4
20200704,Spain Primera Liga,Valladolid,1,Alaves,0
20200704,Spain Segunda Liga,Almeria,1,Tenerife,2
20200704,Italy Serie A,Sassuolo,4,Lecce,2
20200704,Russia Premier League,LokomotivMoscow,0,Sochi,0
20200704,Russia Premier League,TerekGroznyi,0,CSKAMoscow,4
20200704,Turkey Lig 1,MenemenBelediyespor,4,Adanaspor,2
20200704,Turkey Lig 1,Bursaspor,1,Altinordu,0
20200704,Iceland Urvalsdeild,KRReykjavik,2,VikingurReykjavik,0
20200704,Georgia Umaglesi Liga,FCTelavi,3,Samtredia,1
20200704,Belarus Premier League,NemanGrodno,1,Isloch,0
20200704,Croatia 1.HNL,Istra,2,Gorica,2
20200704,England Premier League,Wolverhampton,0,Arsenal,2
20200704,Iran Pro League,Perspolis,1,ShahinBushehr,0
20200704,Montenegro Second League,Ibar,2,ArsenalTivat,1
20200704,Montenegro Second League,Otrant,4,MornarBar,3
20200704,Montenegro Second League,Lovcen,1,Decic,1
20200704,Montenegro Second League,Bokelj,1,Drezga,1
20200704,Montenegro Second League,Jedinstvo,0,Jezero,1
20200704,Ukraine UPL,DynamoKiev,2,ShakhtarDonetsk,3
20200704,Iran Pro League,Zobahan,1,Paykan,4
20200704,Switzerland Challenge League,Chiasso,1,Schaffhausen,1
20200704,Norway Tippeligaen,IKStart,1,VikingFK,1
20200704,Portugal Superliga,VitoriaSetubal,2,PacosFerreira,3
20200704,Iran Pro League,TractorSazi,2,SanatNaft,0
20200704,Turkey Super Lig,Malatyaspor,0,Genclerbirligi,0
20200704,Turkey Super Lig,Ankaragucu,1,Alanyaspor,4
20200704,Russia Premier League,KrylyaSovetov,0,FKRostov,0
20200704,Russia Premier League,SpartakMoscow,2,Tambov,3
20200704,Sweden Superettan,NorrbyIF,2,Ljungskile,2
20200704,Sweden Superettan,Orgryte,2,VasbyUnited,1
20200704,Sweden Superettan,Brage,0,Halmstads,0
20200704,Italy Serie A,Juventus,4,Torino,1
20200704,Spain Segunda Liga,Numancia,1,Extremadura,0
20200704,Spain Segunda Liga,RacingSantander,1,Elche,2
20200704,Czech FNL,SKLisen,2,DuklaPraha,3
20200704,Czech FNL,HradecKralove,1,UstinadLabem,0
20200704,Czech FNL,ViktoriaZizkov,0,FCVlasim,1
20200704,Czech FNL,Jihlava,3,SkProstejov,2
20200704,Czech FNL,Vysehrad,2,FCBrno,7
20200704,Spain Primera Liga,CeltadeVigo,1,RealBetis,1
20200704,Austria Bundesliga,WSGWattens,0,Admira,0
20200704,Austria Bundesliga,StPolten,2,CSRAltach,0
20200704,Austria Bundesliga,AustriaVienna,1,SVMattersburg,0
20200704,Belarus Premier League,Gorodeya,2,FKVitebsk,2
20200704,Finland Kakkonen,Kiffen,1,Kultsu,0
20200704,Finland Ykkonen,MuSa,0,ACKajaani,2
20200704,Finland Ykkonen,SJKII,0,FCKooTeePee,3
20200704,Finland Ykkonen,MyPa,1,ACOulu,2
20200704,England Premier League,Leicester,3,CrystalPalace,0
20200704,England Premier League,ManUtd,5,Bournemouth,2
20200704,England Championship,Blackburn,1,Leeds,3
20200704,England Championship,Brentford,3,Wigan,0
20200704,England Championship,BristolCity,0,Cardiff,1
20200704,England Championship,Fulham,1,Birmingham,0
20200704,England Championship,Huddersfield,0,Preston,0
20200704,England Championship,Luton,0,Reading,5
20200704,England Championship,Stoke,4,Barnsley,0
20200704,Iceland Urvalsdeild,FjolnirReykjavik,1,FylkirReykjavik,2
20200704,Iceland Urvalsdeild,Grotta,4,HKKopavogs,4
20200704,Georgia Umaglesi Liga,ChikhuraSachkhere,0,DilaGori,2
20200704,Russia Premier League,DinamoMoscow,0,ArsenalTula,1
20200704,Denmark 1st Division,Vendsyssel,0,FremadAmager,1
20200704,Finland Ykkonen,EIF,0,VPSVaasa,0
20200704,Sweden Superettan,Dalkurd,1,Degerfors,2
20200704,Sweden Superettan,Umea,0,Osters,0
20200704,Belarus Premier League,BATEBorisov,0,EnergetikBGU,1
20200704,Finland Kakkonen,EPS,2,Viikingit,2
20200704,Finland Kakkonen,PSKemiII,4,VIFK,1
20200704,Finland Kakkonen,Japs,4,FCHonkaAkatemia,0
20200704,Finland Kakkonen,PKKeskiUusimaa,2,LahdenReipas,1
20200704,Finland Kakkonen,Ilves,22,HJS,0
20200704,Finland Kakkonen,JBKPietarsaari,4,RoPSFarmi,3
20200704,Finland Kakkonen,JSHercules,1,Jippo,2
20200704,Germany 3. Liga,Uerdingen,1,ViktoriaKoln,1
20200704,Germany 3. Liga,FCKickersWurzburg,2,Hallescher,2
20200704,Germany 3. Liga,Kaiserslautern,1,BayernMunichII,0
20200704,Germany 3. Liga,MSVDuisburg,4,Unterhaching,0
20200704,Germany 3. Liga,CarlZeissJena,1,SonnenhofGrossaspach,0
20200704,Germany 3. Liga,Magdeburg,2,PreussenMunster,2
20200704,Germany 3. Liga,Meppen,4,Braunschweig,3
20200704,Germany 3. Liga,WaldhofMannheim,0,FSVZwickau,0
20200704,Germany 3. Liga,Chemnitzer,4,HansaRostock,2
20200704,England Premier League,Norwich,0,Brighton,1
20200704,England Championship,Derby,1,NottmForest,1
20200704,Japan J-League,VisselKobe,0,SanfrecceHiroshima,3
20200704,Japan J-League,ShonanBellmare,0,VegaltaSendai,1
20200704,Japan J-League,KashiwaReysol,0,FCTokyo,1
20200704,Japan J-League,UrawaRedDiamonds,0,YokohamaFMarinos,0
20200704,Japan J-League,KawasakiFrontale,2,KashimaAntlers,1
20200704,South Korea K League 1,GangwonFC,2,BusanIPark,4
20200704,Japan J2 League,GiravanzKitakyushu,4,FCRyukyu,0
20200704,Japan J2 League,TokushimaVortis,1,KyotoPurpleSanga,1
20200704,Japan J2 League,MachidaZelvia,0,MontedioYamagata,0
20200704,Japan J2 League,OmiyaArdija,2,ThespaKusatsu,0
20200704,Japan J2 League,MitoHollyhock,0,JEFUnitedChiba,3
20200704,Japan J-League,OitaTrinita,2,SaganTosu,0
20200704,South Korea K League 2,ChunnamDragons,4,AnsanGreeners,0
20200704,Japan J2 League,MatsumotoYamaga,1,VentforetKofu,1
20200704,Japan J2 League,Niigata,3,ZwiegenKanazawa,5
20200704,Japan J-League,GambaOsaka,1,CerezoOsaka,2
20200704,Japan J-League,YokohamaFC,1,ConsadoleSapporo,2
20200722,Paraguay Division Profesional,SportivoLuqueno,2,Olimpia,2
20200722,Iceland Urvalsdeild,KRReykjavik,2,FjolnirReykjavik,2
20200722,Paraguay Division Profesional,GeneralDiaz,2,SportivoSanLorenzo,1
20200722,Italy Serie A,Torino,1,HellasVerona,1
20200722,Italy Serie A,Sampdoria,1,Genoa,2
20200722,Italy Serie A,Lecce,3,Brescia,1
20200722,Italy Serie A,InterMilan,0,Fiorentina,0
20200722,Italy Serie A,Spal,1,Roma,6
20200722,England Premier League,Liverpool,5,Chelsea,3
20200722,Slovenia Prva Liga,NKCelje,2,Olimpija,2
20200722,Switzerland Super League,Lugano,1,FCZurich,0
20200722,Switzerland Super League,Lucerne,1,FCSion,2
20200722,Switzerland Super League,StGallen,0,Basle,5
20200722,England Championship,WestBrom,2,QPR,2
20200722,England Championship,SheffWed,1,Middlesbrough,2
20200722,England Championship,Reading,1,Swansea,4
20200722,England Championship,NottmForest,1,Stoke,4
20200722,England Championship,Millwall,4,Huddersfield,1
20200722,England Championship,Luton,3,Blackburn,2
20200722,England Championship,Leeds,4,Charlton,0
20200722,England Championship,Cardiff,3,Hull,0
20200722,England Championship,BristolCity,1,Preston,1
20200722,England Championship,Brentford,1,Barnsley,2
20200722,England Championship,Birmingham,1,Derby,3
20200722,England Championship,Wigan,1,Fulham,1
20200722,Iceland Urvalsdeild,FHHafnarfjordur,0,KA,0
20200722,Italy Serie A,Parma,2,Napoli,1
20200722,England Premier League,ManUtd,1,WestHam,1
20200722,Sweden Allsvenskan,BKHacken,4,AIKStockholm,0
20200722,Sweden Allsvenskan,Djurgardens,0,Ostersunds,0
20200722,Sweden Allsvenskan,IFKNorrkoping,2,Varbergs,0
20200722,Switzerland Super League,FCThun,5,Servette,1
20200722,Slovenia Prva Liga,TaborSezana,1,Mura,2
20200722,Slovenia Prva Liga,Aluminij,1,Maribor,4
20200722,Slovenia Prva Liga,Domzale,2,Triglav,1
20200722,Slovenia Prva Liga,Bravo,1,RudarVelenje,1
20200722,Russia Premier League,FKRostov,1,ZenitStPetersburg,2
20200722,Russia Premier League,Krasnodar,4,TerekGroznyi,0
20200722,Russia Premier League,CSKAMoscow,2,Tambov,0
20200722,Russia Premier League,DinamoMoscow,0,GazovikOrenburg,1
20200722,Russia Premier League,RubinKazan,1,SpartakMoscow,2
20200722,Russia Premier League,KrylyaSovetov,3,Sochi,0
20200722,Russia Premier League,Ufa,0,ArsenalTula,0
20200722,Russia Premier League,UralSverdlovskayaOblast,0,LokomotivMoscow,1
20200722,Finland Veikkausliiga,FCHonka,1,FCInter,1
20200722,Finland Veikkausliiga,HIFK,2,SJK,1
20200722,Finland Veikkausliiga,TPS,0,HJKHelsinki,2
20200722,Finland Veikkausliiga,KuPS,3,Lahti,0
20200722,Finland Veikkausliiga,IFKMariehamn,2,FCHaka,2
20200722,USA MLS Is Back,RealSaltLake,0,KansasCity,2
20200722,Japan J-League,CerezoOsaka,0,VisselKobe,0
20200722,Japan J-League,VegaltaSendai,2,KawasakiFrontale,3
20200722,Japan J-League,OitaTrinita,0,NagoyaGrampusEight,3
20200722,Japan J-League,UrawaRedDiamonds,0,KashiwaReysol,4
20200722,Japan J-League,GambaOsaka,1,SanfrecceHiroshima,0
20200722,Japan J-League,YokohamaFMarinos,4,YokohamaFC,0
20200722,Japan J-League,ShonanBellmare,1,KashimaAntlers,0
20200722,Japan J-League,ConsadoleSapporo,1,FCTokyo,1
20200722,Australia A League,PerthGlory,1,WellingtonPhoenix,2
20200722,USA MLS Is Back,MontrealImpact,1,DCUnited,0
20200722,USA MLS Is Back,AtlantaUnited,0,Columbus,1
20200723,Paraguay Division Profesional,Guairena,1,ClubGuarani,1
20200723,Iceland Urvalsdeild,HKKopavogs,1,BreidablikKopavogur,0
20200723,Italy Serie A,Lazio,2,Cagliari,1
20200723,Iceland Urvalsdeild,Grotta,1,VikingurReykjavik,1
20200723,Iceland Urvalsdeild,ValurReykjavik,3,FylkirReykjavik,0
20200723,Switzerland Super League,NeuchatelXamax,0,YoungBoys,1
20200723,Iceland Urvalsdeild,IAAkranes,1,StjarnanGardabae,2
20200723,Italy Serie A,Udinese,2,Juventus,1
20200723,Sweden Allsvenskan,IFKGoteborg,2,Falkenbergs,2
20200723,Sweden Allsvenskan,Malmo,3,Hammarby,0
20200723,Sweden Allsvenskan,Mjallby,0,Elfsborg,5
20200723,Sweden Division 1,Nykoping,3,Karlstad,2
20200723,Sweden Allsvenskan,Helsingborgs,1,Orebro,1
20200723,Sweden Allsvenskan,Kalmar,1,IKSirius,1
20200723,Iran Pro League,Paykan,0,ParsJonoubiJam,0
20200723,Iran Pro League,ShahinBushehr,1,Saipa,1
20200723,Iran Pro League,Foolad,2,Zobahan,1
20200723,Iran Pro League,Esteghlal,1,NassajiMazandaran,1
20200723,Iran Pro League,Sepahan,1,SanatNaft,0
20200723,Denmark 1st Division,Fredericia,2,Nykobing,2
20200723,Estonia Esiliiga,Elva,2,NommeUnited,4
20200723,Iran Pro League,PadidehKhorasan,0,TractorSazi,0
20200723,Iran Pro League,MachineSaziTabriz,1,GolGoharSirjan,2
20200723,Georgia Umaglesi Liga,ChikhuraSachkhere,3,MeraniTbilisi,0
20200723,USA MLS Is Back,Chicago,0,VancouverWhitecaps,2
20200723,Vietnam V League,Viettel,1,DaNang,1
20200723,Vietnam V League,NamDinh,1,BinhDuong,1
20200723,Vietnam V League,ThanhHoa,0,HoangAnhGiaLai,0
20200723,USA MLS Is Back,Colorado,2,MinnesotaStars,2
20200723,USA MLS Is Back,Cincinnati,2,NewYorkRedBulls,0
20200728,Morocco GNF 1,WydadCasablanca,1,MouloudiaOujda,1
20200728,Italy Serie A,InterMilan,2,Napoli,0
20200728,Switzerland Super League,FCZurich,0,FCSion,2
20200728,Italy Serie A,Parma,1,Atalanta,2
20200728,Mexico Liga MX,Pachuca,1,CFAmerica,2
20200728,USA Major League Soccer,SanJose,5,RealSaltLake,2
20200724,Portugal Superliga,GilVicente,3,PacosFerreira,3
20200724,Italy Serie A,ACMilan,1,Atalanta,1
20200724,Coupe de France,PSG,1,StEtienne,0
20200724,Croatia 1.HNL,Gorica,0,NKSlaven,0
20200724,Italy Serie B,Trapani,1,Pescara,0
20200724,Italy Serie B,Cosenza,2,Pisa,1
20200724,Italy Serie B,Ascoli,2,Pordenone,2
20200724,Italy Serie B,Cremonese,0,Spezia,0
20200724,Italy Serie B,VirtusEntella,0,Perugia,2
20200724,Italy Serie B,Venezia,1,JuveStabia,0
20200724,Italy Serie B,Salernitana,2,Empoli,4
20200724,Italy Serie B,Chievo,4,Cittadella,1
20200724,Italy Serie B,Frosinone,2,Benevento,3
20200724,Albania Superliga,Kukesi,0,SkenderbeuKorce,0
20200724,Switzerland Challenge League,LausanneSports,1,Winterthur,2
20200724,Switzerland Challenge League,Wil,3,Aarau,1
20200724,Portugal Superliga,SantaClara,2,Guimaraes,2
20200724,Turkey Super Lig,Antalyaspor,2,Galatasaray,2
20200724,Georgia Umaglesi Liga,Torpedo,0,SaburtaloTbilisi,4
20200724,Sweden Superettan,VasbyUnited,2,GAIS,0
20200724,Belarus Premier League,FKVitebsk,2,Slutsk,0
20200724,Sweden Superettan,Orgryte,1,Degerfors,1
20200724,Croatia 1.HNL,DynamoZagreb,2,Varazdin,0
20200724,Italy Serie B,Livorno,1,Crotone,5
20200724,Switzerland Challenge League,Schaffhausen,2,FCStadeLsOuchy,2
20200724,Switzerland Challenge League,SCKriens,4,Grasshoppers,4
20200724,Iran Pro League,NaftTehran,1,Perspolis,2
20200724,Qatar Stars League,QatarSC,1,AlRayyan,2
20200724,Estonia Esiliiga,Vaprus,0,LevadiaTallinnII,0
20200724,Estonia Meistriliiga,JKTulevikViljandi,2,Tammeka,0
20200724,Albania Superliga,BylisBallsh,2,LuftetariGjirokaster,0
20200724,Albania Superliga,Laci,3,KFTirana,1
20200724,Albania Superliga,FlamurtariVlore,2,TeutaDurres,3
20200724,Albania Superliga,PartizaniTirana,3,Vllaznia,0
20200724,Finland Ykkonen,VPSVaasa,3,SJKII,1
20200724,Finland Kakkonen,Pepo,0,FCHonkaAkatemia,0
20200724,Belarus Premier League,FCRuhBrest,3,SlaviaMozyr,3
20200724,Qatar Stars League,AlGharrafa,1,AlArabi,0
20200724,Vietnam V League,HoChiMinhCity,0,TTHaNoi,3
20200724,Vietnam V League,QuangNinh,2,SongLamNgheAn,0
20200724,Vietnam V League,QuangNam,3,HaNoi,3
20200724,Vietnam V League,HaiPhong,1,HongLinhHaTinh,1
20200724,Australia A League,CentralCoastMariners,0,NewcastleJets,0
20200724,USA MLS Is Back,LosAngelesFC,2,PortlandTimbers,2
20200724,USA MLS Is Back,LAGalaxy,1,Houston,1
20200725,Paraguay Division Profesional,RiverPlateAsuncion,0,CerroPorteno,2
20200725,Portugal Superliga,Braga,2,FCPorto,1
20200725,Portugal Superliga,Benfica,2,SportingLisbon,1
20200725,Paraguay Division Profesional,SportivoSanLorenzo,1,Libertad,2
20200725,Italy Serie A,Napoli,2,Sassuolo,0
20200725,Croatia 1.HNL,NKRijeka,4,Istra,2
20200725,Croatia 1.HNL,NKOsijek,1,Lokomotiva,2
20200725,Switzerland Super League,FCZurich,1,StGallen,3
20200725,Norway Tippeligaen,SKBrann,1,Kristiansund,1
20200725,Portugal Superliga,Boavista,0,RioAve,2
20200725,Portugal Superliga,Maritimo,3,Famalicao,3
20200725,Turkey Super Lig,Goztepespor,3,Sivasspor,1
20200725,Turkey Super Lig,Genclerbirligi,0,Besiktas,3
20200725,Turkey Super Lig,Denizlispor,0,Ankaragucu,1
20200725,Turkey Super Lig,Konyaspor,2,Alanyaspor,3
20200725,Turkey Super Lig,Kayserispor,1,Trabzonspor,2
20200725,Turkey Super Lig,Malatyaspor,0,GaziantepBB,1
20200725,Turkey Super Lig,Fenerbahce,3,CaykurRizespor,1
20200725,Italy Serie A,Genoa,0,InterMilan,3
20200725,Belarus Premier League,DinamoMinsk,1,Gorodeya,0
20200725,Georgia Umaglesi Liga,LokomotiviTbilisi,1,FCTelavi,1
20200725,Croatia 1.HNL,InterZapresic,1,HajdukSplit,4
20200725,Switzerland Super League,FCSion,1,FCThun,1
20200725,Switzerland Challenge League,Chiasso,1,FCVaduz,2
20200725,Norway Tippeligaen,OddGrenland,3,Aalesund,2
20200725,Qatar Stars League,AlSadd,2,AlKhoor,1
20200725,Estonia Esiliiga,FloraII,5,Maardu,0
20200725,Estonia Esiliiga,Vandra,2,TammekaTartuII,0
20200725,Estonia Meistriliiga,JKTransNarva,2,TJKLegion,0
20200725,Sweden Superettan,JonkopingSodra,2,Brage,0
20200725,Sweden Superettan,Halmstads,2,AkropolisIF,3
20200725,Sweden Superettan,Trelleborgs,4,Dalkurd,1
20200725,Belarus Premier League,Belshina,0,NemanGrodno,1
20200725,Finland Veikkausliiga,HJKHelsinki,2,FCIlves,0
20200725,Italy Serie A,Brescia,1,Parma,2
20200725,Finland Veikkausliiga,TPS,1,Lahti,3
20200725,Denmark 1st Division,FremadAmager,4,Vejle,1
20200725,Denmark 1st Division,Hvidovre,0,Roskilde,0
20200725,Denmark 1st Division,Viborg,0,KoldingIF,2
20200725,Denmark 1st Division,Koge,2,Naestved,2
20200725,Denmark 1st Division,Vendsyssel,0,Skive,1
20200725,Finland Kakkonen,JJK,1,Jippo,1
20200725,Georgia Umaglesi Liga,Samtredia,0,DinamoTbilisi,4
20200725,Finland Ykkonen,ACKajaani,0,EIF,2
20200725,Finland Ykkonen,KPV,0,ACOulu,1
20200725,Finland Ykkonen,MuSa,5,IFGnistan,1
20200725,Qatar Stars League,Lekhwiya,1,UmmSalal,1
20200725,Belarus Premier League,Isloch,2,DinamoBrest,0
20200725,Sweden Superettan,Osters,1,GIFSundsvall,1
20200725,Sweden Superettan,VasterasSK,1,NorrbyIF,2
20200725,Finland Ykkonen,FCKooTeePee,2,MP,3
20200725,China Super League,WuhanZall,2,QingdaoHuanghai,0
20200725,South Korea K League 2,Bucheon,19950,AnsanGreeners,0
20200725,Sweden Superettan,Umea,3,Ljungskile,1
20200725,South Korea K League 1,GwangjuFC,0,SuwonBluewings,1
20200725,China Super League,Guangzhou,2,ShanghaiShenhua,0
20200725,South Korea K League 1,SeongnamIlhwaChunma,0,GangwonFC,0
20200725,Japan J2 League,EhimeFC,1,FCRyukyu,1
20200725,Japan J2 League,JubiloIwata,0,TokushimaVortis,2
20200725,Japan J2 League,OmiyaArdija,1,MatsumotoYamaga,0
20200725,Japan J2 League,AvispaFukuoka,1,FagianoOkayama,0
20200725,Japan J2 League,GiravanzKitakyushu,2,RenofaYamaguchi,0
20200725,Australia A League,MelbourneVictory,1,WesternUnited,2
20200725,Japan J2 League,VentforetKofu,2,JEFUnitedChiba,1
20200725,Japan J2 League,TokyoVerdy,0,MontedioYamagata,0
20200725,Japan J2 League,Niigata,1,MitoHollyhock,0
20200725,Australia A League,WellingtonPhoenix,1,AdelaideUnited,1
20200725,Mexico Liga MX,Necaxa,0,Tigres,3
20200726,Paraguay Division Profesional,Olimpia,4,SoldeAmerica,0
20200726,Paraguay Division Profesional,NacionalAsuncion,1,SportivoLuqueno,2
20200726,Italy Serie A,Juventus,2,Sampdoria,0
20200726,Iceland Urvalsdeild,BreidablikKopavogur,5,IAAkranes,3
20200726,Norway Tippeligaen,Haugesund,1,Rosenborg,0
20200726,Portugal Superliga,Portimonense,2,Aves,0
20200726,Portugal Superliga,VitoriaSetubal,2,Belenenses,0
20200726,Portugal Superliga,Moreirense,1,Tondela,2
20200726,Italy Serie A,Spal,1,Torino,1
20200726,Italy Serie A,Cagliari,0,Udinese,1
20200726,Italy Serie A,HellasVerona,1,Lazio,5
20200726,Italy Serie A,Roma,2,Fiorentina,1
20200726,Georgia Umaglesi Liga,DilaGori,1,DinamoBatumi,1
20200726,Mexico Liga MX,PumasUNAM,3,JaguaresChiapas,2
20200726,Norway Tippeligaen,Sandefjord,1,Mjondalen,0
20200726,Iceland Urvalsdeild,KA,0,KRReykjavik,0
20200726,Norway Tippeligaen,Valerenga,2,Stromsgodset,0
20200726,Norway Tippeligaen,IKStart,0,Stabaek,0
20200726,Norway Tippeligaen,VikingFK,3,Sarpsborg,0
20200726,Qatar Stars League,AlShahaniya,3,AlAhli,1
20200726,Finland Veikkausliiga,IFKMariehamn,0,HIFK,3
20200726,Finland Veikkausliiga,KuPS,2,SJK,1
20200726,Finland Veikkausliiga,FCHaka,0,FCInter,2
20200726,Finland Ykkonen,FFJaro,1,MyPa,0
20200726,Sweden Allsvenskan,IKSirius,2,Malmo,5
20200726,Sweden Allsvenskan,AIKStockholm,0,Djurgardens,1
20200726,Italy Serie A,Bologna,3,Lecce,2
20200726,England Premier League,Southampton,3,SheffUtd,1
20200726,England Premier League,Newcastle,1,Liverpool,3
20200726,England Premier League,ManCity,5,Norwich,0
20200726,England Premier League,Leicester,0,ManUtd,2
20200726,England Premier League,Everton,1,Bournemouth,3
20200726,England Premier League,CrystalPalace,1,Tottenham,1
20200726,England Premier League,Chelsea,2,Wolverhampton,0
20200726,England Premier League,Burnley,1,Brighton,2
20200726,England Premier League,Arsenal,3,Watford,2
20200726,England Premier League,WestHam,1,AstonVilla,1
20200726,Belarus Premier League,BATEBorisov,6,Minsk,0
20200726,Switzerland Super League,Basle,4,Lugano,4
20200726,Switzerland Super League,Servette,4,NeuchatelXamax,1
20200726,Switzerland Super League,YoungBoys,1,Lucerne,0
20200726,Turkey Super Lig,Kasimpasa,3,IstanbulBuyuksehirBSK,2
20200726,Finland Veikkausliiga,FCHonka,1,Rops,0
20200726,Qatar Stars League,AlWakra,0,AlSailiya,0
20200726,Belarus Premier League,EnergetikBGU,1,TorpedoZhodino,4
20200726,Sweden Allsvenskan,Elfsborg,3,Varbergs,3
20200726,Sweden Allsvenskan,BKHacken,0,IFKGoteborg,0
20200726,Sweden Allsvenskan,Falkenbergs,3,IFKNorrkoping,3
20200726,Finland Kakkonen,RoPSFarmi,0,GBKKokkola,1
20200726,China Super League,HenanJianye,3,JiangsuShuntian,4
20200726,China Super League,ChongqingLifan,1,BeijingGuoan,2
20200726,China Super League,HebeiZhongji,2,FujianJunhao,2
20200726,China Super League,Shenzhen,3,GuangzhouRF,0
20200726,Finland Kakkonen,SCKufu,3,VIFK,2
20200726,South Korea K League 1,JeonbukMotors,3,FCSeoul,0
20200726,South Korea K League 1,DaeguFC,3,BusanIPark,0
20200726,South Korea K League 2,DaejeonCitizen,2,JejuUnited,1
20200726,Japan J-League,KawasakiFrontale,3,ShonanBellmare,1
20200726,Japan J-League,KashiwaReysol,5,VegaltaSendai,1
20200726,South Korea K League 1,PohangSteelers,1,IncheonUnited,1
20200726,Japan J2 League,ThespaKusatsu,0,ZwiegenKanazawa,5
20200726,Japan J2 League,MachidaZelvia,2,TochigiSC,0
20200726,Japan J-League,SaganTosu,1,CerezoOsaka,1
20200726,Japan J-League,VisselKobe,0,GambaOsaka,2
20200726,Japan J-League,KashimaAntlers,2,FCTokyo,2
20200726,Japan J-League,YokohamaFC,0,UrawaRedDiamonds,2
20200726,China Super League,DalianAerbingFC,2,ShandongLuneng,3
20200726,Japan J-League,ConsadoleSapporo,3,YokohamaFMarinos,1
20200726,USA Major League Soccer,Philadelphia,1,NewEngland,0
20200726,Mexico Liga MX,Tijuana,3,Atlas,1
20200726,Mexico Liga MX,CruzAzul,2,SantosLaguna,0
20200726,Mexico Liga MX,Guadalajara,0,Leon,0
20200731,Paraguay Division Profesional,GeneralDiaz,112,deOctubre,1
20200731,Paraguay Division Profesional,SportivoLuqueno,0,RiverPlateAsuncion,1
20200731,France Coupe de la Ligue,PSG,0,Lyon,0
20200731,Italy Serie B,Cremonese,2,Pordenone,2
20200731,Italy Serie B,Frosinone,1,Pisa,1
20200731,Italy Serie B,Chievo,1,Pescara,0
20200731,Italy Serie B,Venezia,3,Perugia,1
20200731,Italy Serie B,Cosenza,3,JuveStabia,1
20200731,Italy Serie B,Livorno,0,Empoli,2
20200731,Italy Serie B,Trapani,2,Crotone,0
20200731,Italy Serie B,VirtusEntella,2,Cittadella,3
20200731,Italy Serie B,Ascoli,2,Benevento,4
20200731,Italy Serie B,Salernitana,1,Spezia,2
20200731,Ireland Division 1,Bray,0,CobhRamblers,0
20200731,Ireland Division 1,AthloneTown,1,WexfordYouths,3
20200731,Ireland Division 1,GalwayUtd,0,CabinteelyFC,2
20200731,Ireland Division 1,UCD,0,LongfordTown,0
20200731,Switzerland Super League,Lugano,3,Servette,1
20200731,Switzerland Super League,Lucerne,2,FCZurich,1
20200731,Switzerland Super League,FCSion,0,YoungBoys,1
20200731,Switzerland Super League,StGallen,6,NeuchatelXamax,0
20200731,Switzerland Super League,FCThun,0,Basle,0
20200731,Norway 1. Division,Jerv,2,Lillestrom,2
20200731,Serbia Super Liga,MladostLucani,2,JavorIvanjica,1
20200731,Belarus Premier League,DinamoBrest,1,FKVitebsk,0
20200731,Serbia Super Liga,BackaTopola,2,Vojvodina,2
20200731,Georgia Umaglesi Liga,FCTelavi,0,MeraniTbilisi,0
20200731,Iran Pro League,SanatNaft,1,PadidehKhorasan,1
20200731,Estonia Meistriliiga,NommeJKKalju,1,Tammeka,1
20200731,Iran Pro League,Saipa,1,MachineSaziTabriz,0
20200731,Estonia Meistriliiga,JKTallinnaKalev,0,FloraTallinn,3
20200731,Norway 1. Division,Oeygarden,1,Grorud,1
20200731,Norway 1. Division,Ranheim,3,Kongsvinger,2
20200731,Norway 1. Division,KFUMOslo,0,Asane,0
20200731,Norway 1. Division,Sogndal,1,RaufossIL,0
20200731,Norway 1. Division,Strommen,4,SandnesUlf,0
20200731,Iran Pro League,Zobahan,1,NaftTehran,1
20200731,Belarus Premier League,Slutsk,0,ShakhtyorSoligorsk,2
20200731,Iran Pro League,TractorSazi,0,Paykan,0
20200731,China Super League,DalianAerbingFC,1,HenanJianye,1
20200731,China Super League,JiangsuShuntian,0,ShandongLuneng,0
20200731,Australia A League,WestSydney,1,WellingtonPhoenix,0
20200731,USA MLS Is Back,Philadelphia,3,KansasCity,1
20200730,Morocco GNF 1,RajaCasablanca,3,KhemisZemamra,1
20200730,Morocco GNF 1,DifaaHassaniJdidi,0,RSBBerkane,0
20200730,Switzerland Challenge League,Aarau,2,Grasshoppers,2
20200730,Switzerland Challenge League,FCStadeLsOuchy,0,LausanneSports,4
20200730,Switzerland Challenge League,FCVaduz,3,Schaffhausen,1
20200730,Switzerland Challenge League,Wil,1,Chiasso,1
20200730,Switzerland Challenge League,Winterthur,4,SCKriens,0
20200730,Norway Tippeligaen,Rosenborg,3,VikingFK,0
20200730,Sweden Superettan,Brage,1,AkropolisIF,1
20200730,Sweden Superettan,Trelleborgs,1,Umea,1
20200730,Estonia Esiliiga,ParnuJalgpalliklubi,1,Vaprus,1
20200730,China Super League,GuangzhouRF,0,Guangzhou,5
20200730,China Super League,ShanghaiShenhua,3,Shenzhen,2
20200730,Australia A League,AdelaideUnited,5,PerthGlory,3
20200729,Italy Serie A,Torino,2,Roma,3
20200729,Italy Serie A,Cagliari,2,Juventus,0
20200729,Italy Serie A,Fiorentina,4,Bologna,0
20200729,Albania Superliga,TeutaDurres,2,Laci,3
20200729,Albania Superliga,SkenderbeuKorce,4,PartizaniTirana,1
20200729,Norway Tippeligaen,Molde,4,Valerenga,1
20200729,Italy Serie A,Udinese,1,Lecce,2
20200729,Italy Serie A,Sampdoria,1,ACMilan,4
20200729,Italy Serie A,Sassuolo,5,Genoa,0
20200729,Italy Serie A,Lazio,2,Brescia,0
20200729,Italy Serie A,HellasVerona,3,Spal,0
20200729,Sweden Superettan,Dalkurd,0,Orgryte,0
20200729,Sweden Superettan,JonkopingSodra,3,GIFSundsvall,3
20200729,Sweden Superettan,VasterasSK,2,Halmstads,3
20200729,Albania Superliga,KFTirana,1,BylisBallsh,1
20200729,Sweden Superettan,GAIS,1,Ljungskile,1
20200729,Sweden Superettan,NorrbyIF,0,VasbyUnited,0
20200729,Sweden Superettan,Degerfors,3,Osters,1
20200729,Norway Tippeligaen,Sarpsborg,0,Haugesund,0
20200729,Norway Tippeligaen,Kristiansund,3,Sandefjord,1
20200729,Norway Tippeligaen,Aalesund,3,IKStart,2
20200729,Norway Tippeligaen,Mjondalen,0,OddGrenland,2
20200729,Estonia Esiliiga,Elva,2,TammekaTartuII,1
20200729,Norway Tippeligaen,Stromsgodset,3,SKBrann,1
20200729,Albania Superliga,LuftetariGjirokaster,2,Kukesi,5
20200729,Albania Superliga,Vllaznia,1,FlamurtariVlore,1
20200729,Finland Kakkonen,Klubi,044,KaaPoKaarina,2
20200729,Japan J2 League,MitoHollyhock,2,VentforetKofu,2
20200729,Japan J2 League,MontedioYamagata,0,JEFUnitedChiba,0
20200729,Japan J2 League,ThespaKusatsu,0,TochigiSC,1
20200729,Japan J2 League,TokyoVerdy,1,Niigata,1
20200729,Japan J2 League,GiravanzKitakyushu,2,TokushimaVortis,0
20200729,Japan J2 League,ZwiegenKanazawa,0,OmiyaArdija,1
20200729,Japan J2 League,MatsumotoYamaga,0,MachidaZelvia,2
20200729,Japan J2 League,FagianoOkayama,1,KyotoPurpleSanga,1
20200729,Japan J2 League,AvispaFukuoka,1,EhimeFC,1
20200729,Japan J2 League,FCRyukyu,2,JubiloIwata,2
20200729,Australia A League,MelbourneVictory,1,BrisbaneRoar,2
20200729,USA MLS Is Back,PortlandTimbers,1,Cincinnati,1
20200729,USA MLS Is Back,Columbus,1,MinnesotaStars,1
20200729,Mexico Liga MX,Monterrey,3,Toluca,1
20200727,Paraguay Division Profesional,ClubGuarani,0,GeneralDiaz,0
20200727,Morocco GNF 1,HassaniaAgadir,1,RajaBeniMellal,0
20200727,Iceland Urvalsdeild,StjarnanGardabae,1,VikingurReykjavik,1
20200727,Iceland Urvalsdeild,FHHafnarfjordur,2,Grotta,1
20200727,Iceland Urvalsdeild,FjolnirReykjavik,1,ValurReykjavik,3
20200727,Morocco GNF 1,DifaaHassaniJdidi,0,RajaCasablanca,0
20200727,Italy Serie B,Pordenone,1,Salernitana,1
20200727,Italy Serie B,Perugia,1,Trapani,2
20200727,Italy Serie B,Cittadella,1,Venezia,0
20200727,Italy Serie B,Spezia,0,VirtusEntella,0
20200727,Italy Serie B,Pescara,1,Livorno,0
20200727,Italy Serie B,Crotone,1,Frosinone,0
20200727,Italy Serie B,JuveStabia,1,Cremonese,2
20200727,Italy Serie B,Empoli,1,Cosenza,5
20200727,Italy Serie B,Benevento,0,Chievo,1
20200727,Italy Serie B,Pisa,1,Ascoli,0
20200727,Switzerland Challenge League,Wil,3,Grasshoppers,2
20200727,Iceland Urvalsdeild,FylkirReykjavik,3,HKKopavogs,2
20200727,Sweden Allsvenskan,Mjallby,2,Kalmar,2
20200727,Sweden Allsvenskan,Ostersunds,0,Helsingborgs,0
20200727,Sweden Allsvenskan,Hammarby,3,Orebro,0
20200727,Iran Pro League,NassajiMazandaran,3,Foolad,2
20200727,Iran Pro League,ParsJonoubiJam,0,Esteghlal,2
20200727,Norway 1. Division,KFUMOslo,4,Sogndal,1
20200727,Norway 1. Division,Grorud,0,Jerv,3
20200727,Norway 1. Division,RaufossIL,2,Kongsvinger,0
20200727,Norway 1. Division,Tromso,1,Oeygarden,0
20200727,Norway 1. Division,Asane,3,Lillestrom,1
20200727,China Super League,TianjinTeda,1,ShanghaiTelaishi,3
20200727,Australia A League,CentralCoastMariners,1,WestSydney,1
20200727,USA MLS Is Back,KansasCity,0,VancouverWhitecaps,0
20200727,USA MLS Is Back,TorontoFC,1,NewYorkCity,3
