home-team,away-team,home-goals,away-goals,formatted-date,home-won,away-won,draw
Newcastle,Man City,3,4,2021-05-14,0,1,0
Academica Clinceni,Botosani,4,3,2021-05-14,1,0,0
Chindia Targoviste,Viitorul C,0,2,2021-05-14,0,1,0
FC Haka,KTP Kotka,0,3,2021-05-14,0,1,0
Honka,FC Inter,1,2,2021-05-14,0,1,0
KPS Kuopio,Mariehamn,2,0,2021-05-14,1,0,0
Vejle BK,OB Odense,2,2,2021-05-14,0,0,1
Slovan Liberec,FC Brno,1,1,2021-05-14,0,0,1
Pacos Ferreira,Gil Vicente,0,2,2021-05-14,0,1,0
Braga,Moreirense,2,1,2021-05-14,1,0,0
Espanyol,Cartagena,0,2,2021-05-14,0,1,0
Macarthur FC,Melbourne Vic,3,1,2021-05-14,1,0,0
Radnik Surdulica,Backa Topola,0,3,2021-05-14,0,1,0
Vojvodina NS,Sp Subotica,1,1,2021-05-14,0,0,1
Backa Palanka,Red Star,0,5,2021-05-14,0,1,0
Etar Veliko Tarnovo,Botev Vratsa,2,0,2021-05-14,1,0,0
PFC Montana,Slavia Sofia,0,2,2021-05-14,0,1,0
Sputnik,Slavia Mozyr,0,2,2021-05-14,0,1,0
Dinamo Minsk,Smorgon,2,0,2021-05-14,1,0,0
Finn Harps,Dundalk,1,1,2021-05-14,0,0,1
Drogheda,St Patrick's,3,1,2021-05-14,1,0,0
Glenavon,Warrenpoint T,4,0,2021-05-14,1,0,0
Bray,Cabinteely,3,0,2021-05-14,1,0,0
UCD,Cork City,0,0,2021-05-14,0,0,1
Treaty United,Athlone Town,1,0,2021-05-14,1,0,0
Galway FC,Wexford Yth,1,0,2021-05-14,1,0,0
DC United,Chicago,1,0,2021-05-14,1,0,0
Burnley,Leeds,0,4,2021-05-15,0,1,0
Southampton,Fulham,3,1,2021-05-15,1,0,0
Brighton,West Ham,1,1,2021-05-15,0,0,1
Notts Co,Bromley,2,2,2021-05-15,0,0,1
Yeovil,King's Lynn,3,1,2021-05-15,1,0,0
Aldershot,Hartlepool,1,3,2021-05-15,0,1,0
Boreham W,Wrexham,2,3,2021-05-15,0,1,0
Maidenhead,Sutton Utd,0,3,2021-05-15,0,1,0
Chesterfield,Wealdstone,0,0,2021-05-15,0,0,1
Eastleigh,Barnet,3,0,2021-05-15,1,0,0
Solihull M,Woking,2,1,2021-05-15,1,0,0
Weymouth,Altrincham,2,1,2021-05-15,1,0,0
Dag & Red,Halifax,3,0,2021-05-15,1,0,0
Chelsea,Leicester,0,1,2021-05-15,0,1,0
Rangers,Aberdeen,4,0,2021-05-15,1,0,0
St Johnstone,Livingston,0,0,2021-05-15,0,0,1
Hibernian,Celtic,0,0,2021-05-15,0,0,1
Dundee,Raith,0,1,2021-05-15,0,1,0
Genoa,Atalanta,3,4,2021-05-15,0,1,0
Spezia,Torino,4,1,2021-05-15,1,0,0
Juventus,Inter,3,2,2021-05-15,1,0,0
Roma,Lazio,2,0,2021-05-15,1,0,0
Hertha Berlin,Cologne,0,0,2021-05-15,0,0,1
Arminia,Hoffenheim,1,1,2021-05-15,0,0,1
Freiburg,B Munich,2,2,2021-05-15,0,0,1
B M'gladbach,Stuttgart,1,2,2021-05-15,0,1,0
Augsburg,W Bremen,2,0,2021-05-15,1,0,0
B Leverkusen,Union Berlin,1,1,2021-05-15,0,0,1
Schalke,E Frankfurt,4,3,2021-05-15,1,0,0
CSMS Iasi,Hermannstadt,0,1,2021-05-15,0,1,0
Astra Giurgiu,Voluntari,0,3,2021-05-15,0,1,0
Uni Craiova,CFR Cluj,1,3,2021-05-15,0,1,0
Opava,Sigma O.,1,2,2021-05-15,0,1,0
Banik Ostrava,Zlin,4,2,2021-05-15,1,0,0
Dukla Pribram,Jablonec,1,0,2021-05-15,1,0,0
Synot,B. 1905,1,1,2021-05-15,0,0,1
Bravo Publikum,Tabor Sezana,1,1,2021-05-15,0,0,1
Maribor,ND HIT Gorica,3,0,2021-05-15,1,0,0
NK Aluminij,NS Mura,0,0,2021-05-15,0,0,1
Castellon,Ponferradina,0,2,2021-05-15,0,1,0
Lugo,Mirandes,2,1,2021-05-15,1,0,0
Almeria,Albacete,1,1,2021-05-15,0,0,1
Las Palmas,Zaragoza,0,2,2021-05-15,0,1,0
AC Oulu,SJK,0,2,2021-05-15,0,1,0
HIFK Helsinki,Ilves Tampere,1,1,2021-05-15,0,0,1
Boavista,Portimonense,1,0,2021-05-15,1,0,0
Farense,Tondela,1,0,2021-05-15,1,0,0
Benfica,Sporting,4,3,2021-05-15,1,0,0
Rio Ave,Porto,0,3,2021-05-15,0,1,0
Antalyaspor,Konyaspor,0,0,2021-05-15,0,0,1
Ankaragucu,Alanyaspor,0,1,2021-05-15,0,1,0
Sivasspor,Kasimpasa,2,1,2021-05-15,1,0,0
Fatih Karagumruk,Denizlispor,5,1,2021-05-15,1,0,0
Rizespor,Basaksehir,0,2,2021-05-15,0,1,0
Hatayspor,Gazisehir,0,1,2021-05-15,0,1,0
Trabzonspor,Genclerbirligi,2,1,2021-05-15,1,0,0
Kayserispor,Fenerbahce,1,2,2021-05-15,0,1,0
Galatasaray,Malatyaspor,3,1,2021-05-15,1,0,0
Goztepe,Besiktas,1,2,2021-05-15,0,1,0
Altach,Ried,3,0,2021-05-15,1,0,0
Aus. Vienna,St Polten,2,1,2021-05-15,1,0,0
Hartberg,Admira Wacker,2,0,2021-05-15,1,0,0
NK Istra 1961,Slaven,1,0,2021-05-15,1,0,0
Loko. Zagreb,Osijek,0,2,2021-05-15,0,1,0
Larissa,Ioannina,2,0,2021-05-15,1,0,0
OFI Crete,Panetolikos,2,2,2021-05-15,0,0,1
Apollon Smyrni,Lamia,0,1,2021-05-15,0,1,0
Atromitos,Volos NFC,1,0,2021-05-15,1,0,0
Young Boys,Lucerne,5,2,2021-05-15,1,0,0
Lugano,FC Sion,3,1,2021-05-15,1,0,0
Vaduz,Servette,1,3,2021-05-15,0,1,0
Basel,FC Zurich,4,0,2021-05-15,1,0,0
St Gallen,Lausanne,5,0,2021-05-15,1,0,0
Anderlecht,Genk,1,2,2021-05-15,0,1,0
Western United,Sydney FC,0,1,2021-05-15,0,1,0
Newcastle Jets,Central Coast M,0,1,2021-05-15,0,1,0
The New Saints,Bala Town,2,0,2021-05-15,1,0,0
Penybont,Connah's Q,0,2,2021-05-15,0,1,0
Haverfordwest,Newi CD,2,0,2021-05-15,1,0,0
Newtown,Aberystwyth,0,4,2021-05-15,0,1,0
Cardiff MU,Flint Town U,2,1,2021-05-15,1,0,0
Barry Town,Caernarfon,3,2,2021-05-15,1,0,0
FK Indija,Proleter Novi Sad,0,5,2021-05-15,0,1,0
Metalac,Novi Pazar,1,1,2021-05-15,0,0,1
Napredak,Mladost Lucani,2,0,2021-05-15,1,0,0
Rad Beograd,Macva Sabac,7,1,2021-05-15,1,0,0
Zlatibor Cajetina,Radnicki Nis,0,0,2021-05-15,0,0,1
Javor,Cukaricki,1,2,2021-05-15,0,1,0
Partizan,Vozdovac,3,0,2021-05-15,1,0,0
Crusaders,Coleraine,0,1,2021-05-15,0,1,0
Portadown,Carrick Rangers,2,1,2021-05-15,1,0,0
Linfield,Larne,1,2,2021-05-15,0,1,0
Glentoran,Cliftonville,0,2,2021-05-15,0,1,0
Dungannon Sw,Ballymena,1,3,2021-05-15,0,1,0
Neman Grodno,Shakhtyor,1,2,2021-05-15,0,1,0
Vitebsk,Energetyk-BDU,3,2,2021-05-15,1,0,0
Torpedo Zh,Isloch Minsk,3,3,2021-05-15,0,0,1
Bate Borisov,Rukh Brest,3,2,2021-05-15,1,0,0
Ludogorets,Arda,4,1,2021-05-15,1,0,0
Loko. Plovdiv,CSKA Sofia,2,0,2021-05-15,1,0,0
Longford T,Bohemians D.,0,2,2021-05-15,0,1,0
Sligo Rovers,Waterford,3,0,2021-05-15,1,0,0
Shamrock R,Derry City,1,1,2021-05-15,0,0,1
Cobh,Shelbourne,1,2,2021-05-15,0,1,0
New York City,Toronto FC,1,1,2021-05-15,0,0,1
LA Galaxy,Austin FC,2,0,2021-05-15,1,0,0
Rylands,Walsall Wood,2,1,2021-05-15,1,0,0
Dunkerque,Toulouse,3,3,2021-05-15,0,0,1
Tranmere,Morecambe,1,2,2021-05-20,0,1,0
Dumbarton,Edinburgh C,0,1,2021-05-20,0,1,0
Dundee,Kilmarnock,2,1,2021-05-20,1,0,0
Lyngby,OB Odense,1,2,2021-05-20,0,1,0
AC Horsens,SonderjyskE,1,2,2021-05-20,0,1,0
Aarhus,Brondby,1,2,2021-05-20,0,1,0
Genk,Royal Antwerp,4,0,2021-05-20,1,0,0
Anderlecht,Club Brugge,3,3,2021-05-20,0,0,1
Malmo,Elfsborg,2,1,2021-05-20,1,0,0
Sp. Gijon,Las Palmas,1,0,2021-05-20,1,0,0
Malaga,Girona,0,1,2021-05-20,0,1,0
Zaragoza,Castellon,3,0,2021-05-20,1,0,0
R. Vallecano,Real Oviedo,4,1,2021-05-20,1,0,0
Academica Clinceni,Sepsi Sfantu G,2,1,2021-05-20,1,0,0
Rosenborg,Brann,3,2,2021-05-20,1,0,0
Tsarsko Selo,Cherno More,0,1,2021-05-20,0,1,0
Levski Sofia,Botev Plovdiv,1,2,2021-05-20,0,1,0
MS Ashdod,H Beer Sheva,2,2,2021-05-20,0,0,1
M. Netanya,H. Haifa,2,0,2021-05-20,1,0,0
H. Kfar Saba,Bnei Yehuda,1,2,2021-05-20,0,1,0
Bournemouth,Brentford,1,0,2021-05-17,1,0,0
Barnsley,Swansea,0,1,2021-05-17,0,1,0
Edinburgh C,Dumbarton,1,3,2021-05-17,0,1,0
Verona,Bologna,2,2,2021-05-17,0,0,1
HJK Helsinki,FC Lahti,2,0,2021-05-17,1,0,0
IFK Goth'burg,IK Sirius,2,2,2021-05-17,0,0,1
Elfsborg,Halmstads,2,3,2021-05-17,0,1,0
Ostersunds FK,AIK Solna,1,2,2021-05-17,0,1,0
Malmo,Kalmar,3,1,2021-05-17,1,0,0
Varbergs Bois,Norrkoping,2,1,2021-05-17,1,0,0
Mjallby,Hacken,1,1,2021-05-17,0,0,1
SonderjyskE,Lyngby,2,0,2021-05-17,1,0,0
Real Oviedo,Malaga,1,0,2021-05-17,1,0,0
Girona,Sp. Gijon,1,0,2021-05-17,1,0,0
Botev Plovdiv,Cherno More,1,1,2021-05-17,0,0,1
Levski Sofia,Tsarsko Selo,1,1,2021-05-17,0,0,1
DC United,Orlando City,0,1,2021-05-17,0,1,0
Seattle,Los Angeles FC,2,0,2021-05-17,1,0,0
Aston Villa,Everton,0,0,2021-05-13,0,0,1
Man Utd,Liverpool,2,4,2021-05-13,0,1,0
Crotone,Verona,2,1,2021-05-13,1,0,0
Valladolid,Villarreal,0,2,2021-05-13,0,1,0
Eibar,Real Betis,1,1,2021-05-13,0,0,1
Granada,Real Madrid,1,4,2021-05-13,0,1,0
Gent,Oostende,2,1,2021-05-13,1,0,0
St Liege,Mechelen,1,2,2021-05-13,0,1,0
Royal Antwerp,Club Brugge,0,0,2021-05-13,0,0,1
Heracles,Feyenoord,1,1,2021-05-13,0,0,1
F. Sittard,Vitesse Arn.,3,3,2021-05-13,0,0,1
PSV Eindhoven,PEC Zwolle,4,2,2021-05-13,1,0,0
Ajax,VVV Venlo,3,1,2021-05-13,1,0,0
FC Emmen,Heerenveen,3,1,2021-05-13,1,0,0
Sp. Rotterdam,FC Utrecht,0,0,2021-05-13,0,0,1
FC Groningen,AZ Alkmaar,0,0,2021-05-13,0,0,1
RKC Waalwijk,FC Twente,2,1,2021-05-13,1,0,0
Den Haag,Willem II,1,4,2021-05-13,0,1,0
Holstein Kiel,Regensburg,3,2,2021-05-13,1,0,0
Halmstads,Mjallby,1,1,2021-05-13,0,0,1
Norrkoping,Degerfors,1,1,2021-05-13,0,0,1
AIK Solna,Malmo,1,1,2021-05-13,0,0,1
Tromso,Molde,3,3,2021-05-13,0,0,1
Rosenborg,Viking,5,0,2021-05-13,1,0,0
Melbourne C,Adelaide Utd,4,1,2021-05-13,1,0,0
Tsarsko Selo,Botev Plovdiv,0,0,2021-05-13,0,0,1
Levski Sofia,Cherno More,2,1,2021-05-13,1,0,0
RB Leipzig,B Dortmund,1,4,2021-05-13,0,1,0
Rumilly Vallieres,Monaco,1,5,2021-05-13,0,1,0
Toronto FC,Columbus Crew,2,0,2021-05-13,1,0,0
Philadelphia U,New England,1,1,2021-05-13,0,0,1
Inter Miami CF,Montreal Imp,0,2,2021-05-13,0,1,0
Houston,Kansas City,1,0,2021-05-13,1,0,0
Minnesota U,Vancouver W,1,0,2021-05-13,1,0,0
San Jose,Seattle,0,1,2021-05-13,0,1,0
Southampton,Leeds,0,2,2021-05-18,0,1,0
Man Utd,Fulham,1,1,2021-05-18,0,0,1
Brighton,Man City,3,2,2021-05-18,1,0,0
Chelsea,Leicester,2,1,2021-05-18,1,0,0
Wrexham,Notts Co,0,1,2021-05-18,0,1,0
Yeovil,Maidenhead,0,0,2021-05-18,0,0,1
Aldershot,Eastleigh,1,3,2021-05-18,0,1,0
Weymouth,Boreham W,1,3,2021-05-18,0,1,0
Oxford,Blackpool,0,3,2021-05-18,0,1,0
Newport Co,Forest Green,2,0,2021-05-18,1,0,0
Airdrieonians,Morton,0,1,2021-05-18,0,1,0
Kelty Hearts,Brechin,2,1,2021-05-18,1,0,0
Lazio,Torino,0,0,2021-05-18,0,0,1
NK Aluminij,Bravo Publikum,3,0,2021-05-18,1,0,0
Degerfors,Orebro,3,0,2021-05-18,1,0,0
Cartagena,Almeria,3,2,2021-05-18,1,0,0
Albacete,Lugo,1,1,2021-05-18,0,0,1
Ponferradina,Espanyol,1,4,2021-05-18,0,1,0
Botosani,CFR Cluj,0,1,2021-05-18,0,1,0
Tondela,Pacos Ferreira,2,3,2021-05-18,0,1,0
Macva Sabac,Zlatibor Cajetina,1,0,2021-05-18,1,0,0
Backa Topola,FK Indija,2,1,2021-05-18,1,0,0
Cukaricki,Radnik Surdulica,2,1,2021-05-18,1,0,0
Mladost Lucani,Partizan,1,0,2021-05-18,1,0,0
Etar Veliko Tarnovo,PFC Montana,1,2,2021-05-18,0,1,0
Botev Vratsa,Slavia Sofia,1,1,2021-05-18,0,0,1
Blackpool,Oxford,3,3,2021-05-21,0,0,1
Morton,Airdrieonians,3,0,2021-05-21,1,0,0
Levante,Cadiz,2,2,2021-05-21,0,0,1
Admira Wacker,Altach,1,1,2021-05-21,0,0,1
St Polten,Hartberg,0,1,2021-05-21,0,1,0
Ried,Aus. Vienna,3,2,2021-05-21,1,0,0
FC Sion,Basel,4,0,2021-05-21,1,0,0
Lausanne,Young Boys,2,4,2021-05-21,0,1,0
Lucerne,Lugano,1,2,2021-05-21,0,1,0
Servette,St Gallen,1,2,2021-05-21,0,1,0
FC Zurich,Vaduz,4,1,2021-05-21,1,0,0
Newcastle Jets,Brisbane Roar,1,2,2021-05-21,0,1,0
Shakhtyor,Dinamo Minsk,1,0,2021-05-21,1,0,0
Slavia Mozyr,Gomel,2,4,2021-05-21,0,1,0
Waterford,Derry City,0,1,2021-05-21,0,1,0
St Patrick's,Bohemians D.,2,1,2021-05-21,1,0,0
Finn Harps,Drogheda,0,1,2021-05-21,0,1,0
Dundalk,Shamrock R,2,1,2021-05-21,1,0,0
Sligo Rovers,Longford T,2,0,2021-05-21,1,0,0
PFC Montana,Botev Vratsa,1,1,2021-05-21,0,0,1
Slavia Sofia,Etar Veliko Tarnovo,0,2,2021-05-21,0,1,0
Wexford Yth,Bray,0,1,2021-05-21,0,1,0
Shelbourne,UCD,3,1,2021-05-21,1,0,0
Cabinteely,Treaty United,2,1,2021-05-21,1,0,0
Cork City,Galway FC,1,1,2021-05-21,0,0,1
Athlone Town,Cobh,2,1,2021-05-21,1,0,0
Toulouse,Grenoble,3,0,2021-05-21,1,0,0
Chelsea,Arsenal,0,1,2021-05-12,0,1,0
Livingston,Rangers,0,3,2021-05-12,0,1,0
Dundee Utd,Motherwell,2,2,2021-05-12,0,0,1
Celtic,St Johnstone,4,0,2021-05-12,1,0,0
Aberdeen,Hibernian,0,1,2021-05-12,0,1,0
Ross County,Hamilton,2,1,2021-05-12,1,0,0
Kilmarnock,St Mirren,3,3,2021-05-12,0,0,1
Raith,Dundee,0,3,2021-05-12,0,1,0
Cagliari,Fiorentina,0,0,2021-05-12,0,0,1
Bologna,Genoa,0,2,2021-05-12,0,1,0
Atalanta,Benevento,2,0,2021-05-12,1,0,0
Torino,Milan,0,7,2021-05-12,0,1,0
Sampdoria,Spezia,2,2,2021-05-12,0,0,1
Sassuolo,Juventus,1,3,2021-05-12,0,1,0
Inter,Roma,3,1,2021-05-12,1,0,0
Lazio,Parma,1,0,2021-05-12,1,0,0
Schalke,Hertha Berlin,1,2,2021-05-12,0,1,0
Sevilla,Valencia,1,0,2021-05-12,1,0,0
Huesca,Ath Bilbao,1,0,2021-05-12,1,0,0
Celta Vigo,Getafe,1,0,2021-05-12,1,0,0
Atl Madrid,Sociedad,2,1,2021-05-12,1,0,0
Slaven,Rijeka,0,2,2021-05-12,0,1,0
Din Zagreb,NK Varazdin,2,2,2021-05-12,0,0,1
Hajduk Split,HNK Gorica,4,0,2021-05-12,1,0,0
Sparta Prague,Viktoria Plzen,3,1,2021-05-12,1,0,0
Kristiansund,Bodo Glimt,0,2,2021-05-12,0,1,0
Brann,Valerenga,0,3,2021-05-12,0,1,0
Servette,Lausanne,1,4,2021-05-12,0,1,0
FC Sion,Lucerne,1,1,2021-05-12,0,0,1
FC Zurich,St Gallen,2,2,2021-05-12,0,0,1
Aris Salonika,Panathinaikos,0,0,2021-05-12,0,0,1
Olympiakos,PAOK Salonika,1,0,2021-05-12,1,0,0
Asteras T.,AEK Athens,1,1,2021-05-12,0,0,1
Wolfsberger,LASK Linz,0,4,2021-05-12,0,1,0
Swarovski Wattens,Sturm Graz,2,3,2021-05-12,0,1,0
RB Salzburg,Rapid Vienna,2,0,2021-05-12,1,0,0
Djurgaardens,Ostersunds FK,2,0,2021-05-12,1,0,0
IK Sirius,Elfsborg,0,2,2021-05-12,0,1,0
Kalmar,IFK Goth'burg,0,0,2021-05-12,0,0,1
Varbergs Bois,Hammarby,1,3,2021-05-12,0,1,0
Hacken,Orebro,2,3,2021-05-12,0,1,0
Genk,Anderlecht,1,1,2021-05-12,0,0,1
V Guimaraes,Famalicao,1,2,2021-05-12,0,1,0
Brisbane Roar,Central Coast M,0,0,2021-05-12,0,0,1
Perth Glory,Western United,3,0,2021-05-12,1,0,0
Arda,CSKA 1948 Sofia,0,0,2021-05-12,0,0,1
CSKA Sofia,Ludogorets,4,1,2021-05-12,1,0,0
Montpellier,Paris St-G.,2,2,2021-05-12,0,0,1
Toulouse,Pau,2,2,2021-05-12,0,0,1
Man Utd,Leicester,1,2,2021-05-11,0,1,0
Southampton,Crystal Palace,3,1,2021-05-11,1,0,0
Aldershot,Yeovil,2,0,2021-05-11,1,0,0
Stockport,Dag & Red,1,1,2021-05-11,0,0,1
Solihull M,Weymouth,2,1,2021-05-11,1,0,0
Maidenhead,Notts Co,0,4,2021-05-11,0,1,0
Chesterfield,King's Lynn,4,1,2021-05-11,1,0,0
Wealdstone,Bromley,0,1,2021-05-11,0,1,0
Sutton Utd,Woking,3,2,2021-05-11,1,0,0
Airdrieonians,Cove Rangers,3,2,2021-05-11,1,0,0
Morton,Montrose,3,1,2021-05-11,1,0,0
Dumbarton,Stranraer,1,0,2021-05-11,1,0,0
Edinburgh C,Elgin City,2,2,2021-05-11,0,0,1
Napoli,Udinese,5,1,2021-05-11,1,0,0
Osasuna,Cadiz,3,2,2021-05-11,1,0,0
Elche,Alaves,0,2,2021-05-11,0,1,0
Levante,Barcelona,3,3,2021-05-11,0,0,1
Konyaspor,Trabzonspor,1,1,2021-05-11,0,0,1
Besiktas,Fatih Karagumruk,1,2,2021-05-11,0,1,0
Alanyaspor,Erzurum B,2,3,2021-05-11,0,1,0
Gazisehir,Rizespor,4,5,2021-05-11,0,1,0
Genclerbirligi,Goztepe,5,3,2021-05-11,1,0,0
Denizlispor,Galatasaray,1,4,2021-05-11,0,1,0
Basaksehir,Kayserispor,0,0,2021-05-11,0,0,1
Fenerbahce,Sivasspor,1,2,2021-05-11,0,1,0
Malatyaspor,Hatayspor,1,1,2021-05-11,0,0,1
Kasimpasa,Ankaragucu,3,1,2021-05-11,1,0,0
NK Istra 1961,Loko. Zagreb,1,1,2021-05-11,0,0,1
Osijek,Sibenik,3,0,2021-05-11,1,0,0
Santa Clara,Rio Ave,1,0,2021-05-11,1,0,0
Tondela,Belenenses,1,3,2021-05-11,0,1,0
Nacional,Benfica,1,3,2021-05-11,0,1,0
Sporting,Boavista,1,0,2021-05-11,1,0,0
Ilves Tampere,HJK Helsinki,0,3,2021-05-11,0,1,0
FC Lahti,KPS Kuopio,2,4,2021-05-11,0,1,0
Vaduz,Young Boys,0,2,2021-05-11,0,1,0
Basel,Lugano,2,0,2021-05-11,1,0,0
St Polten,Altach,3,3,2021-05-11,0,0,1
Ried,Admira Wacker,0,0,2021-05-11,0,0,1
Aus. Vienna,Hartberg,3,1,2021-05-11,1,0,0
Loko. Plovdiv,Beroe Stara,0,0,2021-05-11,0,0,1
Thailand,Oman,0,1,2021-05-25,0,1,0
Indonesia,Afghanistan,2,3,2021-05-25,0,1,0
Altrincham,Eastleigh,1,1,2021-05-25,0,0,1
Barnet,Maidenhead,2,0,2021-05-25,1,0,0
King's Lynn,Solihull M,1,1,2021-05-25,0,0,1
CFR Cluj,Steaua,2,0,2021-05-25,1,0,0
Brisbane Roar,Melbourne C,3,0,2021-05-25,1,0,0
Coleraine,Linfield,1,1,2021-05-25,0,0,1
Portadown,Dungannon Sw,4,2,2021-05-25,1,0,0
Carrick Rangers,Glenavon,3,6,2021-05-25,0,1,0
Cliftonville,Crusaders,1,1,2021-05-25,0,0,1
Ballymena,Warrenpoint T,3,0,2021-05-25,1,0,0
Larne,Glentoran,0,1,2021-05-25,0,1,0
Villarreal,Man Utd,1,1,2021-05-26,0,0,1
Uni Craiova,Academica Clinceni,0,0,2021-05-26,0,0,1
Western Sydney,Wellington,1,2,2021-05-26,0,1,0
MS Ashdod,M. Tel Aviv,1,2,2021-05-26,0,1,0
Ironi Kiryat S,M. Haifa,1,1,2021-05-26,0,0,1
H Beer Sheva,M. Petah Tikva,2,0,2021-05-26,1,0,0
Arda,Loko. Plovdiv,3,3,2021-05-26,0,0,1
CSKA Sofia,Beroe Stara,2,0,2021-05-26,1,0,0
CSKA 1948 Sofia,Ludogorets,3,2,2021-05-26,1,0,0
Xanthi,Panetolikos,2,1,2021-05-26,1,0,0
SK Austria Klagenfurt,St Polten,4,0,2021-05-26,1,0,0
Cologne,Holstein Kiel,0,1,2021-05-26,0,1,0
Arouca,Rio Ave,3,0,2021-05-26,1,0,0
Tottenham,Aston Villa,1,2,2021-05-19,0,1,0
Newcastle,Sheff Utd,1,0,2021-05-19,1,0,0
Everton,Wolves,1,0,2021-05-19,1,0,0
Crystal Palace,Arsenal,1,3,2021-05-19,0,1,0
Burnley,Liverpool,0,3,2021-05-19,0,1,0
West Brom,West Ham,1,3,2021-05-19,0,1,0
Solihull M,Barnet,1,0,2021-05-19,1,0,0
Lincoln,Sunderland,2,0,2021-05-19,1,0,0
NS Mura,Domzale,3,0,2021-05-19,1,0,0
Koper,Maribor,0,3,2021-05-19,0,1,0
ND HIT Gorica,NK Celje,0,2,2021-05-19,0,1,0
O. Ljubljana,Tabor Sezana,1,2,2021-05-19,0,1,0
Ioannina,Apollon Smyrni,0,2,2021-05-19,0,1,0
Viitorul C,Astra Giurgiu,1,0,2021-05-19,1,0,0
Hermannstadt,Arges Pitesti,1,0,2021-05-19,1,0,0
Din. Bucharest,Chindia Targoviste,0,0,2021-05-19,0,0,1
Metan Medias,CSMS Iasi,4,2,2021-05-19,1,0,0
Voluntari,UT Arad,0,0,2021-05-19,0,0,1
Steaua,Uni Craiova,0,1,2021-05-19,0,1,0
Aalborg,Vejle BK,2,1,2021-05-19,1,0,0
Nordsjaelland,Randers Freja,2,1,2021-05-19,1,0,0
FC Copenhagen,Midtjylland,4,2,2021-05-19,1,0,0
Oostende,Mechelen,2,2,2021-05-19,0,0,1
Gent,St Liege,2,0,2021-05-19,1,0,0
FC Utrecht,FC Groningen,1,0,2021-05-19,1,0,0
Feyenoord,Sp. Rotterdam,2,0,2021-05-19,1,0,0
Logrones,Fuenlabrada,1,0,2021-05-19,1,0,0
Alcorcon,Sabadell,2,0,2021-05-19,1,0,0
Mirandes,Leganes,0,0,2021-05-19,0,0,1
Tenerife,Mallorca,0,1,2021-05-19,0,1,0
Porto,Belenenses,4,0,2021-05-19,1,0,0
Santa Clara,Farense,4,0,2021-05-19,1,0,0
Nacional,Rio Ave,1,2,2021-05-19,0,1,0
Portimonense,Braga,0,0,2021-05-19,0,0,1
Moreirense,Famalicao,3,0,2021-05-19,1,0,0
Gil Vicente,Boavista,1,2,2021-05-19,0,1,0
V Guimaraes,Benfica,1,3,2021-05-19,0,1,0
Sporting,Maritimo,5,1,2021-05-19,1,0,0
Stabaek,Odd Grenland,2,2,2021-05-19,0,0,1
Sydney FC,Melbourne Vic,2,0,2021-05-19,1,0,0
Perth Glory,Adelaide Utd,2,1,2021-05-19,1,0,0
Red Star,Metalac,5,1,2021-05-19,1,0,0
Proleter Novi Sad,Vojvodina NS,2,0,2021-05-19,1,0,0
Radnicki Nis,Backa Palanka,5,1,2021-05-19,1,0,0
Sp Subotica,Rad Beograd,1,1,2021-05-19,0,0,1
Vozdovac,Javor,0,0,2021-05-19,0,0,1
Novi Pazar,Napredak,2,1,2021-05-19,1,0,0
Loko. Plovdiv,CSKA 1948 Sofia,0,0,2021-05-19,0,0,1
Isloch Minsk,Vitebsk,0,1,2021-05-19,0,1,0
Bate Borisov,Sputnik,2,1,2021-05-19,1,0,0
Beitar J'salem,Hapoel Hadera,0,3,2021-05-19,0,1,0
Atalanta,Juventus,1,2,2021-05-19,0,1,0
Monaco,Paris St-G.,0,2,2021-05-19,0,1,0
Turkey,Azerbaijan,2,1,2021-05-27,1,0,0
Sepsi Sfantu G,Botosani,1,0,2021-05-27,1,0,0
Chindia Targoviste,Viitorul C,2,3,2021-05-27,0,1,0
Stabaek,Brann,2,0,2021-05-27,1,0,0
Lillestrom,Odd Grenland,1,0,2021-05-27,1,0,0
Sandefjord,Rosenborg,1,2,2021-05-27,0,1,0
Bodo Glimt,Haugesund,2,0,2021-05-27,1,0,0
Stromsgodset,Tromso,1,1,2021-05-27,0,0,1
Viking,Mjondalen,2,1,2021-05-27,1,0,0
Sarpsborg,Kristiansund,0,1,2021-05-27,0,1,0
Molde,Valerenga,2,3,2021-05-27,0,1,0
Ingolstadt,Osnabruck,3,0,2021-05-27,1,0,0
Aus. Vienna,Wolfsberger,3,0,2021-05-27,1,0,0
Macarthur FC,Central Coast M,1,2,2021-05-27,0,1,0
Thun,FC Sion,1,4,2021-05-27,0,1,0
Toulouse,Nantes,1,2,2021-05-27,0,1,0
Kilmarnock,Dundee,1,2,2021-05-24,0,1,0
SonderjyskE,Aalborg,0,4,2021-05-24,0,1,0
Vejle BK,Lyngby,2,2,2021-05-24,0,0,1
OB Odense,AC Horsens,4,0,2021-05-24,1,0,0
Brondby,Nordsjaelland,2,0,2021-05-24,1,0,0
Randers Freja,FC Copenhagen,2,1,2021-05-24,1,0,0
Midtjylland,Aarhus,4,0,2021-05-24,1,0,0
Odd Grenland,Sarpsborg,1,1,2021-05-24,0,0,1
Lillestrom,Viking,1,3,2021-05-24,0,1,0
Tromso,Sandefjord,1,3,2021-05-24,0,1,0
Mjondalen,Valerenga,1,1,2021-05-24,0,0,1
Kristiansund,Stromsgodset,1,0,2021-05-24,1,0,0
Haugesund,Stabaek,0,0,2021-05-24,0,0,1
Brann,Bodo Glimt,1,2,2021-05-24,0,1,0
Rosenborg,Molde,2,3,2021-05-24,0,1,0
Hartberg,Aus. Vienna,0,3,2021-05-24,0,1,0
Real Oviedo,Mirandes,1,1,2021-05-24,0,0,1
Fuenlabrada,Sp. Gijon,0,0,2021-05-24,0,0,1
Lugo,Cartagena,2,1,2021-05-24,1,0,0
Almeria,Logrones,2,1,2021-05-24,1,0,0
Las Palmas,Albacete,3,2,2021-05-24,1,0,0
Leganes,Malaga,1,0,2021-05-24,1,0,0
Castellon,R. Vallecano,0,2,2021-05-24,0,1,0
Sabadell,Ponferradina,2,0,2021-05-24,1,0,0
Girona,Alcorcon,1,0,2021-05-24,1,0,0
Elfsborg,Norrkoping,1,0,2021-05-24,1,0,0
Orebro,Malmo,1,2,2021-05-24,0,1,0
Bohemians D.,Dundalk,5,1,2021-05-24,1,0,0
Derry City,St Patrick's,2,2,2021-05-24,0,0,1
Waterford,Finn Harps,1,2,2021-05-24,0,1,0
Shamrock R,Sligo Rovers,0,1,2021-05-24,0,1,0
Drogheda,Longford T,4,1,2021-05-24,1,0,0
Bnei Sakhnin,H Tel Aviv,2,3,2021-05-24,0,1,0
DC United,Philadelphia U,0,1,2021-05-24,0,1,0
Nashville MLS,Austin FC,1,0,2021-05-24,1,0,0
Guam,China,0,7,2021-05-30,0,1,0
Mexico,Iceland,2,1,2021-05-30,1,0,0
Malta,N Ireland,0,3,2021-05-30,0,1,0
Switzerland,USA,2,1,2021-05-30,1,0,0
Blackpool,Lincoln,2,1,2021-05-30,1,0,0
Mjondalen,Molde,0,0,2021-05-30,0,0,1
Tromso,Sarpsborg,0,2,2021-05-30,0,1,0
Odd Grenland,Bodo Glimt,1,0,2021-05-30,1,0,0
Valerenga,Sandefjord,3,1,2021-05-30,1,0,0
Rosenborg,Stabaek,4,2,2021-05-30,1,0,0
Kristiansund,Lillestrom,1,0,2021-05-30,1,0,0
Brann,Stromsgodset,3,0,2021-05-30,1,0,0
Haugesund,Viking,4,2,2021-05-30,1,0,0
Wolfsberger,Aus. Vienna,1,2,2021-05-30,0,1,0
Mariehamn,FC Lahti,0,3,2021-05-30,0,1,0
Albacete,Fuenlabrada,1,2,2021-05-30,0,1,0
Logrones,Las Palmas,0,1,2021-05-30,0,1,0
Mirandes,Sabadell,0,2,2021-05-30,0,1,0
Alcorcon,Espanyol,1,0,2021-05-30,1,0,0
Cartagena,Girona,1,1,2021-05-30,0,0,1
Zaragoza,Leganes,0,5,2021-05-30,0,1,0
R. Vallecano,Lugo,0,1,2021-05-30,0,1,0
Ponferradina,Mallorca,2,2,2021-05-30,0,0,1
Sp. Gijon,Almeria,0,2,2021-05-30,0,1,0
Malaga,Castellon,3,0,2021-05-30,1,0,0
Sepsi Sfantu G,Viitorul C,1,0,2021-05-30,1,0,0
Wellington,Perth Glory,2,2,2021-05-30,0,0,1
Western Sydney,Brisbane Roar,2,0,2021-05-30,1,0,0
Gomel,FC Minsk,5,0,2021-05-30,1,0,0
FC Slutsk,Isloch Minsk,2,1,2021-05-30,1,0,0
Dinamo Brest,Energetyk-BDU,0,1,2021-05-30,0,1,0
Arda,Cherno More,1,0,2021-05-30,1,0,0
M. Petah Tikva,MS Ashdod,1,3,2021-05-30,0,1,0
M. Haifa,H Beer Sheva,3,2,2021-05-30,1,0,0
M. Tel Aviv,Ironi Kiryat S,2,2,2021-05-30,0,0,1
LA Galaxy,San Jose,1,0,2021-05-30,1,0,0
Inter Miami CF,DC United,0,3,2021-05-30,0,1,0
Kansas City,Houston,3,2,2021-05-30,1,0,0
Colorado,Dallas,3,0,2021-05-30,1,0,0
Real Salt Lake,Minnesota U,1,1,2021-05-30,0,0,1
Osnabruck,Ingolstadt,3,1,2021-05-30,1,0,0
FC Sion,Thun,2,3,2021-05-30,0,1,0
Panetolikos,Xanthi,1,0,2021-05-30,1,0,0
Rio Ave,Arouca,0,2,2021-05-30,0,1,0
Japan,Myanmar,10,0,2021-05-28,1,0,0
Italy,San Marino,7,0,2021-05-28,1,0,0
HJK Helsinki,AC Oulu,3,1,2021-05-28,1,0,0
Ilves Tampere,KTP Kotka,2,0,2021-05-28,1,0,0
Aarhus,Aalborg,2,2,2021-05-28,0,0,1
Western United,Melbourne Vic,1,6,2021-05-28,0,1,0
Vitebsk,Smorgon,5,0,2021-05-28,1,0,0
Dinamo Minsk,Rukh Brest,0,1,2021-05-28,0,1,0
Finn Harps,Sligo Rovers,1,2,2021-05-28,0,1,0
St Patrick's,Dundalk,0,2,2021-05-28,0,1,0
Drogheda,Derry City,1,2,2021-05-28,0,1,0
Shelbourne,Galway FC,4,0,2021-05-28,1,0,0
Treaty United,Bray,2,0,2021-05-28,1,0,0
Cabinteely,Wexford Yth,0,2,2021-05-28,0,1,0
Athlone Town,UCD,2,3,2021-05-28,0,1,0
Cobh,Cork City,1,0,2021-05-28,1,0,0
Ukraine,Bahrain,1,1,2021-05-23,0,0,1
Sheff Utd,Burnley,1,0,2021-05-23,1,0,0
Liverpool,Crystal Palace,2,0,2021-05-23,1,0,0
Fulham,Newcastle,0,2,2021-05-23,0,1,0
Wolves,Man Utd,1,2,2021-05-23,0,1,0
Arsenal,Brighton,2,0,2021-05-23,1,0,0
Aston Villa,Chelsea,2,1,2021-05-23,1,0,0
Man City,Everton,5,0,2021-05-23,1,0,0
West Ham,Southampton,3,0,2021-05-23,1,0,0
Leeds,West Brom,3,1,2021-05-23,1,0,0
Leicester,Tottenham,2,4,2021-05-23,0,1,0
Sutton Utd,Hartlepool,3,0,2021-05-23,1,0,0
Morecambe,Tranmere,1,1,2021-05-23,0,0,1
Forest Green,Newport Co,4,3,2021-05-23,1,0,0
Brechin,Kelty Hearts,0,1,2021-05-23,0,1,0
Inter,Udinese,5,1,2021-05-23,1,0,0
Napoli,Verona,1,1,2021-05-23,0,0,1
Bologna,Juventus,1,4,2021-05-23,0,1,0
Atalanta,Milan,0,2,2021-05-23,0,1,0
Torino,Benevento,1,1,2021-05-23,0,0,1
Sassuolo,Lazio,2,0,2021-05-23,1,0,0
Spezia,Roma,2,2,2021-05-23,0,0,1
Granada,Getafe,0,0,2021-05-23,0,0,1
Sevilla,Alaves,1,0,2021-05-23,1,0,0
Nantes,Montpellier,1,2,2021-05-23,0,1,0
Lens,Monaco,0,0,2021-05-23,0,0,1
Angers,Lille,1,2,2021-05-23,0,1,0
Reims,Bordeaux,1,2,2021-05-23,0,1,0
Lyon,Nice,2,3,2021-05-23,0,1,0
Stade Brest,Paris St-G.,0,2,2021-05-23,0,1,0
Rennes,Nimes,2,0,2021-05-23,1,0,0
St-Etienne,Dijon,0,1,2021-05-23,0,1,0
Strasbourg,Lorient,1,1,2021-05-23,0,0,1
Metz,Marseille,1,1,2021-05-23,0,0,1
Feyenoord,FC Utrecht,2,0,2021-05-23,1,0,0
Kalmar,Hammarby,2,1,2021-05-23,1,0,0
Halmstads,Degerfors,0,0,2021-05-23,0,0,1
Djurgaardens,IFK Goth'burg,0,0,2021-05-23,0,0,1
Hacken,Varbergs Bois,3,1,2021-05-23,1,0,0
Greuther Furth,F Dusseldorf,3,2,2021-05-23,1,0,0
Hannover,Nuremberg,1,2,2021-05-23,0,1,0
Erzegbirge A,Osnabruck,2,1,2021-05-23,1,0,0
Holstein Kiel,SV Darmstadt,2,3,2021-05-23,0,1,0
Heidenheim,Karlsruhe,1,2,2021-05-23,0,1,0
Regensburg,St Pauli,3,0,2021-05-23,1,0,0
Wurz. Kickers,SC Paderborn,1,1,2021-05-23,0,0,1
Hamburg,Braunschweig,4,0,2021-05-23,1,0,0
Bochum,SV Sandhausen,3,1,2021-05-23,1,0,0
Sigma O.,Mlada Boleslav,0,3,2021-05-23,0,1,0
B. 1905,Sparta Prague,1,2,2021-05-23,0,1,0
MFK Karvina,Teplice,2,0,2021-05-23,1,0,0
C. Budejovice,Synot,0,1,2021-05-23,0,1,0
Zlin,Slovan Liberec,0,0,2021-05-23,0,0,1
Dukla Pribram,Pardubice,0,1,2021-05-23,0,1,0
Jablonec,Slavia Prague,1,1,2021-05-23,0,0,1
FC Brno,Opava,4,1,2021-05-23,1,0,0
Viktoria Plzen,Banik Ostrava,4,0,2021-05-23,1,0,0
Mariehamn,FC Haka,0,3,2021-05-23,0,1,0
AC Oulu,HIFK Helsinki,1,2,2021-05-23,0,1,0
Mallorca,Zaragoza,2,1,2021-05-23,1,0,0
Espanyol,Tenerife,1,1,2021-05-23,0,0,1
Club Brugge,Genk,1,2,2021-05-23,0,1,0
Royal Antwerp,Anderlecht,1,0,2021-05-23,1,0,0
Sydney FC,Western Sydney,1,0,2021-05-23,1,0,0
Melbourne Vic,Adelaide Utd,0,1,2021-05-23,0,1,0
Perth Glory,Macarthur FC,1,1,2021-05-23,0,0,1
Penybont,Newtown,0,1,2021-05-23,0,1,0
Cherno More,Levski Sofia,1,2,2021-05-23,0,1,0
Botev Plovdiv,Tsarsko Selo,5,0,2021-05-23,1,0,0
M. Petah Tikva,M. Tel Aviv,0,3,2021-05-23,0,1,0
M. Haifa,MS Ashdod,2,0,2021-05-23,1,0,0
H Beer Sheva,Ironi Kiryat S,3,2,2021-05-23,1,0,0
Orlando City,Toronto FC,1,0,2021-05-23,1,0,0
New York City,Columbus Crew,1,2,2021-05-23,0,1,0
Dallas,Real Salt Lake,2,2,2021-05-23,0,0,1
New England,NY Red Bulls,3,1,2021-05-23,1,0,0
Houston,Vancouver W,2,1,2021-05-23,1,0,0
San Jose,Kansas City,1,3,2021-05-23,0,1,0
Los Angeles FC,Colorado,2,1,2021-05-23,1,0,0
Seattle,Atlanta U,1,1,2021-05-23,0,0,1
Crystal Palace,Aston Villa,3,2,2021-05-16,1,0,0
Tottenham,Wolves,2,0,2021-05-16,1,0,0
West Brom,Liverpool,1,2,2021-05-16,0,1,0
Everton,Sheff Utd,0,1,2021-05-16,0,1,0
Stockport,Torquay,2,2,2021-05-16,0,0,1
Hamilton,Kilmarnock,0,2,2021-05-16,0,1,0
St Mirren,Dundee Utd,0,0,2021-05-16,0,0,1
Motherwell,Ross County,1,2,2021-05-16,0,1,0
Fiorentina,Napoli,0,2,2021-05-16,0,1,0
Benevento,Crotone,1,1,2021-05-16,0,0,1
Udinese,Sampdoria,0,1,2021-05-16,0,1,0
Parma,Sassuolo,1,3,2021-05-16,0,1,0
Milan,Cagliari,0,0,2021-05-16,0,0,1
Mainz,B Dortmund,1,3,2021-05-16,0,1,0
RB Leipzig,Wolfsburg,2,2,2021-05-16,0,0,1
Villarreal,Sevilla,4,0,2021-05-16,1,0,0
Real Betis,Huesca,1,0,2021-05-16,1,0,0
Valencia,Eibar,4,1,2021-05-16,1,0,0
Sociedad,Valladolid,4,1,2021-05-16,1,0,0
Cadiz,Elche,1,3,2021-05-16,0,1,0
Getafe,Levante,2,1,2021-05-16,1,0,0
Alaves,Granada,4,2,2021-05-16,1,0,0
Atl Madrid,Osasuna,2,1,2021-05-16,1,0,0
Ath Bilbao,Real Madrid,0,1,2021-05-16,0,1,0
Barcelona,Celta Vigo,1,2,2021-05-16,0,1,0
Paris St-G.,Reims,4,0,2021-05-16,1,0,0
Lille,St-Etienne,0,0,2021-05-16,0,0,1
Nice,Strasbourg,0,2,2021-05-16,0,1,0
Nimes,Lyon,2,5,2021-05-16,0,1,0
Lorient,Metz,2,1,2021-05-16,1,0,0
Dijon,Nantes,0,4,2021-05-16,0,1,0
Monaco,Rennes,2,1,2021-05-16,1,0,0
Marseille,Angers,3,2,2021-05-16,1,0,0
Montpellier,Stade Brest,0,0,2021-05-16,0,0,1
Bordeaux,Lens,3,0,2021-05-16,1,0,0
Lok. Moscow,Ural Sver. Oblast,1,0,2021-05-16,1,0,0
Tambov,Zenit,1,5,2021-05-16,0,1,0
Din. Moscow,CSKA Mosc.,3,2,2021-05-16,1,0,0
Terek Grozny,Spartak Moscow,2,2,2021-05-16,0,0,1
Khimki,Sochi,0,0,2021-05-16,0,0,1
R. Rostov,FK Krasnodar,1,3,2021-05-16,0,1,0
Rubin,R Volgograd,1,1,2021-05-16,0,0,1
FC Ufa,Arsenal Tula,2,1,2021-05-16,1,0,0
Midtjylland,Randers Freja,1,1,2021-05-16,0,0,1
Aalborg,AC Horsens,1,1,2021-05-16,0,0,1
FC Copenhagen,Brondby,2,1,2021-05-16,1,0,0
Aarhus,Nordsjaelland,3,1,2021-05-16,1,0,0
UT Arad,Metan Medias,1,0,2021-05-16,1,0,0
Arges Pitesti,Din. Bucharest,1,2,2021-05-16,0,1,0
Sepsi Sfantu G,Steaua,2,2,2021-05-16,0,0,1
Oostende,Gent,0,4,2021-05-16,0,1,0
Mechelen,St Liege,3,1,2021-05-16,1,0,0
Club Brugge,Royal Antwerp,2,1,2021-05-16,1,0,0
Sabadell,Tenerife,0,2,2021-05-16,0,1,0
Fuenlabrada,R. Vallecano,1,2,2021-05-16,0,1,0
Mallorca,Alcorcon,2,0,2021-05-16,1,0,0
Leganes,Logrones,3,0,2021-05-16,1,0,0
FC Twente,Den Haag,3,2,2021-05-16,1,0,0
Vitesse Arn.,Ajax,1,3,2021-05-16,0,1,0
Willem II,F. Sittard,2,1,2021-05-16,1,0,0
AZ Alkmaar,Heracles,5,0,2021-05-16,1,0,0
Heerenveen,Sp. Rotterdam,1,2,2021-05-16,0,1,0
PEC Zwolle,FC Groningen,1,0,2021-05-16,1,0,0
FC Utrecht,PSV Eindhoven,1,1,2021-05-16,0,0,1
Feyenoord,RKC Waalwijk,3,0,2021-05-16,1,0,0
VVV Venlo,FC Emmen,0,4,2021-05-16,0,1,0
Pardubice,Viktoria Plzen,3,0,2021-05-16,1,0,0
Teplice,C. Budejovice,2,0,2021-05-16,1,0,0
Mlada Boleslav,Sparta Prague,4,5,2021-05-16,0,1,0
Slavia Prague,MFK Karvina,1,1,2021-05-16,0,0,1
NK Varazdin,Rijeka,2,3,2021-05-16,0,1,0
Sibenik,Hajduk Split,0,2,2021-05-16,0,1,0
HNK Gorica,Din Zagreb,0,3,2021-05-16,0,1,0
Viking,Tromso,0,1,2021-05-16,0,1,0
Valerenga,Kristiansund,1,2,2021-05-16,0,1,0
Sarpsborg,Haugesund,0,0,2021-05-16,0,0,1
Sandefjord,Mjondalen,0,3,2021-05-16,0,1,0
Bodo Glimt,Rosenborg,2,2,2021-05-16,0,0,1
Stromsgodset,Lillestrom,3,1,2021-05-16,1,0,0
Molde,Brann,4,0,2021-05-16,1,0,0
Braunschweig,Wurz. Kickers,1,2,2021-05-16,0,1,0
F Dusseldorf,Erzegbirge A,3,0,2021-05-16,1,0,0
SV Sandhausen,Regensburg,2,0,2021-05-16,1,0,0
Nuremberg,Bochum,1,1,2021-05-16,0,0,1
St Pauli,Hannover,1,2,2021-05-16,0,1,0
Osnabruck,Hamburg,3,2,2021-05-16,1,0,0
Karlsruhe,Holstein Kiel,3,2,2021-05-16,1,0,0
SV Darmstadt,Heidenheim,5,1,2021-05-16,1,0,0
SC Paderborn,Greuther Furth,2,4,2021-05-16,0,1,0
Famalicao,Nacional,3,0,2021-05-16,1,0,0
Belenenses,Santa Clara,0,2,2021-05-16,0,1,0
Maritimo,V Guimaraes,0,0,2021-05-16,0,0,1
Sturm Graz,Rapid Vienna,4,1,2021-05-16,1,0,0
Swarovski Wattens,Wolfsberger,2,2,2021-05-16,0,0,1
LASK Linz,RB Salzburg,2,5,2021-05-16,0,1,0
NK Celje,O. Ljubljana,4,0,2021-05-16,1,0,0
Domzale,Koper,3,1,2021-05-16,1,0,0
Wisla Plock,Zaglebie Lubin,4,0,2021-05-16,1,0,0
Piast Gliwice,Wisla Krakow,2,3,2021-05-16,0,1,0
Cracovia,Warta Poznan,0,1,2021-05-16,0,1,0
Pogon Szczecin,Rakow Czestochowa,1,3,2021-05-16,0,1,0
Slask Wroclaw,Stal Mielec,1,1,2021-05-16,0,0,1
Jagiellonia,Lechia Gdansk,2,1,2021-05-16,1,0,0
Lech Poznan,Gornik Zabrze,1,1,2021-05-16,0,0,1
Legia Warsaw,P Bielsko-Biala,1,0,2021-05-16,1,0,0
Hammarby,Djurgaardens,2,2,2021-05-16,0,0,1
AEK Athens,Aris Salonika,0,0,2021-05-16,0,0,1
Panathinaikos,Olympiakos,1,4,2021-05-16,0,1,0
PAOK Salonika,Asteras T.,0,1,2021-05-16,0,1,0
Melbourne C,Wellington,2,2,2021-05-16,0,0,1
Adelaide Utd,Brisbane Roar,1,0,2021-05-16,1,0,0
Perth Glory,Western Sydney,5,1,2021-05-16,1,0,0
FC Slutsk,FC Minsk,2,2,2021-05-16,0,0,1
Dinamo Brest,Gomel,1,0,2021-05-16,1,0,0
Beroe Stara,CSKA 1948 Sofia,3,3,2021-05-16,0,0,1
Atlanta U,Montreal Imp,1,0,2021-05-16,1,0,0
Philadelphia U,NY Red Bulls,1,0,2021-05-16,1,0,0
Minnesota U,Dallas,1,0,2021-05-16,1,0,0
Colorado,Houston,3,1,2021-05-16,1,0,0
Real Salt Lake,Nashville MLS,0,0,2021-05-16,0,0,1
San Jose,Portland Timb.,0,2,2021-05-16,0,1,0
Kansas City,Vancouver W,3,0,2021-05-16,1,0,0
Cincinnati,Inter Miami CF,2,3,2021-05-16,0,1,0
New England,Columbus Crew,1,0,2021-05-16,1,0,0
Lithuania,Estonia,0,1,2021-06-01,0,1,0
N Macedonia,Slovenia,1,1,2021-06-01,0,0,1
Croatia,Armenia,1,1,2021-06-01,0,0,1
Kosovo,San Marino,4,1,2021-06-01,1,0,0
Slovakia,Bulgaria,1,1,2021-06-01,0,0,1
Poland,Russia,1,1,2021-06-01,0,0,1
Central Coast M,Newcastle Jets,0,2,2021-06-01,0,1,0
Cliftonville,Crusaders,0,0,2021-06-01,0,0,1
Larne,Glenavon,2,1,2021-06-01,1,0,0
Dominica,Anguilla,3,0,2021-06-02,1,0,0
Montserrat,Virgin Isl. (US),4,0,2021-06-02,1,0,0
Cuba,Virgin Isl. (UK),5,0,2021-06-02,1,0,0
Cayman Islands,Aruba,1,3,2021-06-02,0,1,0
Belarus,Azerbaijan,1,2,2021-06-02,0,1,0
Bosnia-Hz.,Montenegro,0,0,2021-06-02,0,0,1
Norway,Luxembourg,1,0,2021-06-02,1,0,0
Netherlands,Scotland,2,2,2021-06-02,0,0,1
Romania,Georgia,1,2,2021-06-02,0,1,0
Germany,Denmark,1,1,2021-06-02,0,0,1
England,Austria,1,0,2021-06-02,1,0,0
France,Wales,3,0,2021-06-02,1,0,0
Girona,Almeria,3,0,2021-06-02,1,0,0
Brisbane Roar,Perth Glory,2,1,2021-06-02,1,0,0
Turkey,Guinea,0,0,2021-05-31,0,0,1
Morecambe,Newport Co,1,0,2021-05-31,1,0,0
Western United,Macarthur FC,1,2,2021-05-31,0,1,0
Philadelphia U,Portland Timb.,3,0,2021-05-31,1,0,0
Seattle,Austin FC,0,0,2021-05-31,0,0,1
Spain U21,Croatia U21,2,1,2021-05-31,1,0,0
Netherlands U21,France U21,2,1,2021-05-31,1,0,0
Denmark U21,Germany U21,2,2,2021-05-31,0,0,1
Portugal U21,Italy U21,5,3,2021-05-31,1,0,0
Kyrgyzstan,Mongolia,0,1,2021-06-07,0,1,0
Japan,Tajikistan,4,1,2021-06-07,1,0,0
Bangladesh,India,0,2,2021-06-07,0,1,0
Guam,Syria,0,3,2021-06-07,0,1,0
Iraq,Cambodia,4,1,2021-06-07,1,0,0
Nepal,Jordan,0,3,2021-06-07,0,1,0
Iran,Bahrain,3,0,2021-06-07,1,0,0
UAE,Thailand,3,1,2021-06-07,1,0,0
Vietnam,Indonesia,4,0,2021-06-07,1,0,0
China,Philippines,2,0,2021-06-07,1,0,0
Oman,Qatar,0,1,2021-06-07,0,1,0
Uzbekistan,Singapore,5,0,2021-06-07,1,0,0
Australia,Chinese Taipei,5,1,2021-06-07,1,0,0
Serbia,Jamaica,1,1,2021-06-07,0,0,1
Ukraine,Cyprus,4,0,2021-06-07,1,0,0
Faroe Islands,Liechtenstein,5,1,2021-06-07,1,0,0
Germany,Latvia,7,1,2021-06-07,1,0,0
Andorra,Gibraltar,0,0,2021-06-07,0,0,1
Man City,Chelsea,0,1,2021-05-29,0,1,0
Indonesia,Oman,1,3,2021-05-29,0,1,0
Sweden,Finland,2,0,2021-05-29,1,0,0
Thailand,Tajikistan,2,2,2021-05-29,0,0,1
Woking,Wealdstone,2,4,2021-05-29,0,1,0
Bromley,Notts Co,1,0,2021-05-29,1,0,0
Barnet,Sutton Utd,2,0,2021-05-29,1,0,0
Yeovil,Stockport,0,1,2021-05-29,0,1,0
Altrincham,Torquay,0,0,2021-05-29,0,0,1
Boreham W,Maidenhead,1,4,2021-05-29,0,1,0
Halifax,Chesterfield,1,2,2021-05-29,0,1,0
Hartlepool,Weymouth,4,0,2021-05-29,1,0,0
King's Lynn,Aldershot,4,4,2021-05-29,0,0,1
Solihull M,Eastleigh,2,0,2021-05-29,1,0,0
Dag & Red,Wrexham,1,1,2021-05-29,0,0,1
Brentford,Swansea,2,0,2021-05-29,1,0,0
Honka,SJK,0,1,2021-05-29,0,1,0
HIFK Helsinki,FC Inter,1,4,2021-05-29,0,1,0
KPS Kuopio,FC Haka,1,2,2021-05-29,0,1,0
Banik Ostrava,MFK Karvina,1,1,2021-05-29,0,0,1
Slavia Prague,C. Budejovice,2,1,2021-05-29,1,0,0
Sparta Prague,FC Brno,6,1,2021-05-29,1,0,0
Pardubice,Jablonec,0,1,2021-05-29,0,1,0
Mlada Boleslav,B. 1905,3,1,2021-05-29,1,0,0
Slovan Liberec,Sigma O.,1,2,2021-05-29,0,1,0
Opava,Viktoria Plzen,1,3,2021-05-29,0,1,0
Teplice,Dukla Pribram,2,2,2021-05-29,0,0,1
Synot,Zlin,2,0,2021-05-29,1,0,0
Tenerife,Real Oviedo,2,2,2021-05-29,0,0,1
Adelaide Utd,Sydney FC,1,4,2021-05-29,0,1,0
Caernarfon,Newtown,3,5,2021-05-29,0,1,0
Torpedo Zh,Shakhtyor,0,1,2021-05-29,0,1,0
Bate Borisov,Slavia Mozyr,3,0,2021-05-29,1,0,0
Neman Grodno,Sputnik,2,2,2021-05-29,0,0,1
Longford T,Shamrock R,0,1,2021-05-29,0,1,0
Bohemians D.,Waterford,3,0,2021-05-29,1,0,0
Cliftonville,Linfield,0,2,2021-05-29,0,1,0
Ballymena,Portadown,4,2,2021-05-29,1,0,0
Larne,Coleraine,1,2,2021-05-29,0,1,0
Glentoran,Crusaders,2,0,2021-05-29,1,0,0
Glenavon,Dungannon Sw,1,1,2021-05-29,0,0,1
Warrenpoint T,Carrick Rangers,3,1,2021-05-29,1,0,0
Chicago,Montreal Imp,0,1,2021-05-29,0,1,0
NY Red Bulls,Orlando City,2,1,2021-05-29,1,0,0
Columbus Crew,Toronto FC,2,1,2021-05-29,1,0,0
Cincinnati,New England,0,1,2021-05-29,0,1,0
Atlanta U,Nashville MLS,2,2,2021-05-29,0,0,1
Los Angeles FC,New York City,1,2,2021-05-29,0,1,0
St Polten,SK Austria Klagenfurt,0,1,2021-05-29,0,1,0
Holstein Kiel,Cologne,1,5,2021-05-29,0,1,0
Virgin Isl. (US),El Salvador,0,7,2021-06-06,0,1,0
Anguilla,Panama,0,13,2021-06-06,0,1,0
Aruba,Canada,0,7,2021-06-06,0,1,0
Austria,Slovakia,0,0,2021-06-06,0,0,1
Denmark,Bosnia-Hz.,2,0,2021-06-06,1,0,0
Netherlands,Georgia,3,0,2021-06-06,1,0,0
Luxembourg,Scotland,0,1,2021-06-06,0,1,0
England,Romania,1,0,2021-06-06,1,0,0
Moldova,Azerbaijan,1,0,2021-06-06,1,0,0
Norway,Greece,1,2,2021-06-06,0,1,0
Belgium,Croatia,1,0,2021-06-06,1,0,0
Algeria,Mali,1,0,2021-06-06,1,0,0
Hartlepool,Bromley,3,2,2021-06-06,1,0,0
Leganes,R. Vallecano,1,2,2021-06-06,0,1,0
Melbourne Vic,Melbourne C,1,1,2021-06-06,0,0,1
Germany U21,Portugal U21,1,0,2021-06-06,1,0,0
Argentina,Chile,1,1,2021-06-04,0,0,1
Peru,Colombia,0,3,2021-06-04,0,1,0
Maldives,Syria,0,4,2021-06-04,0,1,0
St Kitts and Nev,Guyana,3,0,2021-06-04,1,0,0
Antigua & Barb,Grenada,1,0,2021-06-04,1,0,0
Guatemala,St Vin & Gren,10,0,2021-06-04,1,0,0
Surinam,Bermuda,6,0,2021-06-04,1,0,0
Latvia,Lithuania,3,1,2021-06-04,1,0,0
N Macedonia,Kazakhstan,4,0,2021-06-04,1,0,0
Malta,Kosovo,1,2,2021-06-04,0,1,0
Finland,Estonia,0,1,2021-06-04,0,1,0
Spain,Portugal,0,0,2021-06-04,0,0,1
Hungary,Cyprus,1,0,2021-06-04,1,0,0
Nigeria,Cameroon,0,1,2021-06-04,0,1,0
Faroe Islands,Iceland,0,1,2021-06-04,0,1,0
Italy,Czech Rep,4,0,2021-06-04,1,0,0
Slovenia,Gibraltar,6,0,2021-06-04,1,0,0
Macarthur FC,Wellington,0,3,2021-06-04,0,1,0
St Vin & Gren,Cuba,0,1,2021-06-08,0,1,0
Guyana,Puerto Rico,0,2,2021-06-08,0,1,0
Ecuador,Peru,1,2,2021-06-08,0,1,0
Haiti,Nicaragua,1,0,2021-06-08,1,0,0
Trinidad,St Kitts and Nev,2,0,2021-06-08,1,0,0
Venezuela,Uruguay,0,0,2021-06-08,0,0,1
Kosovo,Guinea,1,2,2021-06-08,0,1,0
Cameroon,Nigeria,0,0,2021-06-08,0,0,1
Benin,Zambia,2,2,2021-06-08,0,0,1
Poland,Iceland,2,2,2021-06-08,0,0,1
Hungary,Ireland,0,0,2021-06-08,0,0,1
Czech Rep,Albania,3,1,2021-06-08,1,0,0
Spain,Lithuania,4,0,2021-06-08,1,0,0
Senegal,Cape Verde Is.,2,0,2021-06-08,1,0,0
Morocco,Ghana,1,0,2021-06-08,1,0,0
France,Bulgaria,3,0,2021-06-08,1,0,0
Panama,Curacao,2,1,2021-06-13,1,0,0
South Korea,Lebanon,2,1,2021-06-13,1,0,0
England,Croatia,1,0,2021-06-13,1,0,0
Austria,N Macedonia,3,1,2021-06-13,1,0,0
Netherlands,Ukraine,3,2,2021-06-13,1,0,0
Mexico,Honduras,0,0,2021-06-13,0,0,1
Tanzania,Malawi,2,0,2021-06-13,1,0,0
Sudan,Zambia,0,1,2021-06-13,0,1,0
Stockport,Hartlepool,0,1,2021-06-13,0,1,0
Lillestrom,Haugesund,2,1,2021-06-13,1,0,0
Bodo Glimt,Mjondalen,2,0,2021-06-13,1,0,0
Stromsgodset,Rosenborg,2,1,2021-06-13,1,0,0
Sarpsborg,Brann,0,0,2021-06-13,0,0,1
Viking,Valerenga,4,1,2021-06-13,1,0,0
R. Vallecano,Girona,1,2,2021-06-13,0,1,0
Central Coast M,Macarthur FC,1,2,2021-06-13,0,1,0
Isloch Minsk,Dinamo Brest,1,1,2021-06-13,0,0,1
Rukh Brest,Torpedo Zh,3,0,2021-06-13,1,0,0
Brazil,Venezuela,3,0,2021-06-13,1,0,0
Puerto Rico,Bahamas,7,0,2021-06-03,1,0,0
Bangladesh,Afghanistan,1,1,2021-06-03,0,0,1
Iran,Hong Kong,3,1,2021-06-03,1,0,0
Nepal,Chinese Taipei,2,0,2021-06-03,1,0,0
Bahrain,Cambodia,8,0,2021-06-03,1,0,0
UAE,Malaysia,4,0,2021-06-03,1,0,0
Thailand,Indonesia,2,2,2021-06-03,0,0,1
India,Qatar,0,1,2021-06-03,0,1,0
Palestine,Singapore,4,0,2021-06-03,1,0,0
Australia,Kuwait,3,0,2021-06-03,1,0,0
Bolivia,Venezuela,3,1,2021-06-03,1,0,0
Uruguay,Paraguay,0,0,2021-06-03,0,0,1
Andorra,Ireland,1,4,2021-06-03,0,1,0
Switzerland,Liechtenstein,7,0,2021-06-03,1,0,0
Turkey,Moldova,2,0,2021-06-03,1,0,0
Ukraine,N Ireland,1,0,2021-06-03,1,0,0
Belgium,Greece,1,1,2021-06-03,0,0,1
Algeria,Mauritania,4,1,2021-06-03,1,0,0
R. Vallecano,Leganes,3,0,2021-06-03,1,0,0
Adelaide Utd,Western Sydney,2,2,2021-06-03,0,0,1
Spain U21,Portugal U21,0,1,2021-06-03,0,1,0
Netherlands U21,Germany U21,1,2,2021-06-03,0,1,0
Colombia,Argentina,2,2,2021-06-09,0,0,1
Grenada,Montserrat,1,2,2021-06-09,0,1,0
Bermuda,Cayman Islands,1,1,2021-06-09,0,0,1
Curacao,Guatemala,0,0,2021-06-09,0,0,1
Paraguay,Brazil,0,2,2021-06-09,0,1,0
Barbados,Dominica,1,1,2021-06-09,0,0,1
El Salvador,Antigua & Barb,3,0,2021-06-09,1,0,0
Panama,Dominican Rep,3,0,2021-06-09,1,0,0
Canada,Surinam,4,0,2021-06-09,1,0,0
Chile,Bolivia,1,1,2021-06-09,0,0,1
Turkmenistan,Lebanon,3,2,2021-06-09,1,0,0
Sri Lanka,South Korea,0,5,2021-06-09,0,1,0
Portugal,Israel,4,0,2021-06-09,1,0,0
Dominican Rep,Barbados,1,1,2021-06-05,0,0,1
Brazil,Ecuador,2,0,2021-06-05,1,0,0
Nicaragua,Belize,3,0,2021-06-05,1,0,0
Lebanon,Sri Lanka,3,2,2021-06-05,1,0,0
South Korea,Turkmenistan,5,0,2021-06-05,1,0,0
Saudi Arabia,Yemen,3,0,2021-06-05,1,0,0
Turks & Caicos,Haiti,0,10,2021-06-05,0,1,0
Virgin Isl. (UK),Curacao,0,8,2021-06-05,0,1,0
Bahamas,Trinidad,0,0,2021-06-05,0,0,1
Russia,Bulgaria,1,0,2021-06-05,1,0,0
Wales,Albania,0,0,2021-06-05,0,0,1
Ivory Coast,Burkina Faso,2,1,2021-06-05,1,0,0
Montenegro,Israel,1,3,2021-06-05,0,1,0
Sweden,Armenia,3,1,2021-06-05,1,0,0
Senegal,Zambia,3,1,2021-06-05,1,0,0
Tunisia,DR Congo,1,0,2021-06-05,1,0,0
Notts Co,Chesterfield,3,2,2021-06-05,1,0,0
Almeria,Girona,0,0,2021-06-05,0,0,1
Brisbane Roar,Sydney FC,0,2,2021-06-05,0,1,0
Central Coast M,Western United,2,0,2021-06-05,1,0,0
Newcastle Jets,Perth Glory,1,1,2021-06-05,0,0,1
Larne,Cliftonville,3,1,2021-06-05,1,0,0
Scotland,Czech Rep,0,2,2021-06-14,0,1,0
Poland,Slovakia,1,2,2021-06-14,0,1,0
Spain,Sweden,0,0,2021-06-14,0,0,1
Mariehamn,HJK Helsinki,0,1,2021-06-14,0,1,0
SJK,Ilves Tampere,1,0,2021-06-14,1,0,0
KPS Kuopio,FC Inter,1,0,2021-06-14,1,0,0
Stabaek,Tromso,0,3,2021-06-14,0,1,0
Colombia,Ecuador,1,0,2021-06-14,1,0,0
Argentina,Chile,1,1,2021-06-14,0,0,1
USA,Costa Rica,4,0,2021-06-10,1,0,0
South Africa,Uganda,3,2,2021-06-10,1,0,0
Estonia,Latvia,2,1,2021-06-10,1,0,0
FC Inter,Mariehamn,3,0,2021-06-10,1,0,0
KTP Kotka,HIFK Helsinki,0,2,2021-06-10,0,1,0
SJK,KPS Kuopio,0,1,2021-06-10,0,1,0
FC Haka,HJK Helsinki,1,2,2021-06-10,0,1,0
FC Lahti,Ilves Tampere,3,1,2021-06-10,1,0,0
Melbourne C,Newcastle Jets,1,2,2021-06-10,0,1,0
Torquay,Barnet,2,2,2021-05-22,0,0,1
Wrexham,King's Lynn,5,3,2021-05-22,1,0,0
Notts Co,Weymouth,3,0,2021-05-22,1,0,0
Aldershot,Bromley,2,3,2021-05-22,0,1,0
Altrincham,Yeovil,4,3,2021-05-22,1,0,0
Maidenhead,Halifax,1,2,2021-05-22,0,1,0
Chesterfield,Dag & Red,2,1,2021-05-22,1,0,0
Eastleigh,Boreham W,1,0,2021-05-22,1,0,0
Stockport,Woking,1,1,2021-05-22,0,0,1
Wealdstone,Solihull M,1,4,2021-05-22,0,1,0
Brentford,Bournemouth,3,1,2021-05-22,1,0,0
Swansea,Barnsley,1,1,2021-05-22,0,0,1
Sunderland,Lincoln,2,1,2021-05-22,1,0,0
St Johnstone,Hibernian,1,0,2021-05-22,1,0,0
Cagliari,Genoa,0,1,2021-05-22,0,1,0
Sampdoria,Parma,3,0,2021-05-22,1,0,0
Crotone,Fiorentina,0,0,2021-05-22,0,0,1
W Bremen,B M'gladbach,2,4,2021-05-22,0,1,0
Union Berlin,RB Leipzig,2,1,2021-05-22,1,0,0
Hoffenheim,Hertha Berlin,2,1,2021-05-22,1,0,0
E Frankfurt,Freiburg,3,1,2021-05-22,1,0,0
Stuttgart,Arminia,0,2,2021-05-22,0,1,0
B Dortmund,B Leverkusen,3,1,2021-05-22,1,0,0
Wolfsburg,Mainz,2,3,2021-05-22,0,1,0
Cologne,Schalke,1,0,2021-05-22,1,0,0
B Munich,Augsburg,5,2,2021-05-22,1,0,0
Valladolid,Atl Madrid,1,2,2021-05-22,0,1,0
Real Madrid,Villarreal,2,1,2021-05-22,1,0,0
Eibar,Barcelona,0,1,2021-05-22,0,1,0
Elche,Ath Bilbao,2,0,2021-05-22,1,0,0
Osasuna,Sociedad,0,1,2021-05-22,0,1,0
Huesca,Valencia,0,0,2021-05-22,0,0,1
Celta Vigo,Real Betis,2,3,2021-05-22,0,1,0
FC Inter,KTP Kotka,2,1,2021-05-22,1,0,0
SJK,HJK Helsinki,0,2,2021-05-22,0,1,0
FC Lahti,Honka,1,0,2021-05-22,1,0,0
Ilves Tampere,KPS Kuopio,3,2,2021-05-22,1,0,0
AIK Solna,Mjallby,2,2,2021-05-22,0,0,1
Ostersunds FK,IK Sirius,3,0,2021-05-22,1,0,0
Domzale,NK Aluminij,1,1,2021-05-22,0,0,1
Tabor Sezana,ND HIT Gorica,0,1,2021-05-22,0,1,0
Bravo Publikum,O. Ljubljana,3,0,2021-05-22,1,0,0
NK Celje,Koper,2,1,2021-05-22,1,0,0
Maribor,NS Mura,1,3,2021-05-22,0,1,0
Wolfsberger,Sturm Graz,1,3,2021-05-22,0,1,0
Rapid Vienna,LASK Linz,3,0,2021-05-22,1,0,0
RB Salzburg,Swarovski Wattens,4,0,2021-05-22,1,0,0
Rijeka,HNK Gorica,2,1,2021-05-22,1,0,0
Osijek,NK Istra 1961,2,1,2021-05-22,1,0,0
Slaven,NK Varazdin,1,0,2021-05-22,1,0,0
Hajduk Split,Loko. Zagreb,2,0,2021-05-22,1,0,0
Din Zagreb,Sibenik,1,0,2021-05-22,1,0,0
St Liege,Oostende,1,3,2021-05-22,0,1,0
Mechelen,Gent,1,2,2021-05-22,0,1,0
Wellington,Western United,3,0,2021-05-22,1,0,0
Melbourne C,Central Coast M,1,0,2021-05-22,1,0,0
Smorgon,Torpedo Zh,1,3,2021-05-22,0,1,0
FC Minsk,Dinamo Brest,1,0,2021-05-22,1,0,0
Rukh Brest,Neman Grodno,2,0,2021-05-22,1,0,0
Energetyk-BDU,FC Slutsk,1,0,2021-05-22,1,0,0
CSKA 1948 Sofia,CSKA Sofia,1,3,2021-05-22,0,1,0
Barry Town,Caernarfon,1,3,2021-05-22,0,1,0
Montreal Imp,Cincinnati,1,2,2021-05-22,0,1,0
Portland Timb.,LA Galaxy,3,0,2021-05-22,1,0,0
Chicago,Inter Miami CF,1,0,2021-05-22,1,0,0
Binfield,Rylands,2,3,2021-05-22,0,1,0
Hereford,Hornchurch,1,3,2021-05-22,0,1,0
St Kitts and Nev,El Salvador,0,4,2021-06-12,0,1,0
Haiti,Canada,0,1,2021-06-12,0,1,0
Wales,Switzerland,1,1,2021-06-12,0,0,1
Denmark,Finland,0,1,2021-06-12,0,1,0
Belgium,Russia,3,0,2021-06-12,1,0,0
Ghana,Ivory Coast,0,0,2021-06-12,0,0,1
Morocco,Burkina Faso,1,0,2021-06-12,1,0,0
Torquay,Notts Co,4,2,2021-06-12,1,0,0
Sandefjord,Molde,1,3,2021-06-12,0,1,0
Kristiansund,Odd Grenland,2,0,2021-06-12,1,0,0
Smorgon,FC Slutsk,1,1,2021-06-12,0,0,1
Sputnik,Dinamo Minsk,0,5,2021-06-12,0,1,0
Bate Borisov,Neman Grodno,3,0,2021-06-12,1,0,0
Shakhtyor,Vitebsk,2,0,2021-06-12,1,0,0
Longford T,St Patrick's,1,3,2021-06-12,0,1,0
Sligo Rovers,Drogheda,1,2,2021-06-12,0,1,0
Kansas City,Austin FC,1,1,2021-06-12,0,0,1
Myanmar,Kyrgyzstan,1,8,2021-06-11,0,1,0
Philippines,Guam,3,0,2021-06-11,1,0,0
Cambodia,Iran,0,10,2021-06-11,0,1,0
Nepal,Australia,0,3,2021-06-11,0,1,0
Hong Kong,Iraq,0,1,2021-06-11,0,1,0
Malaysia,Vietnam,1,2,2021-06-11,0,1,0
Indonesia,UAE,0,5,2021-06-11,0,1,0
China,Maldives,5,0,2021-06-11,1,0,0
Afghanistan,Oman,1,2,2021-06-11,0,1,0
Singapore,Saudi Arabia,0,3,2021-06-11,0,1,0
Yemen,Uzbekistan,0,1,2021-06-11,0,1,0
Kuwait,Jordan,0,0,2021-06-11,0,0,1
Turkey,Italy,0,3,2021-06-11,0,1,0
Japan,Serbia,1,0,2021-06-11,1,0,0
Kosovo,Gambia,1,0,2021-06-11,1,0,0
Tunisia,Algeria,0,2,2021-06-11,0,1,0
AC Oulu,Honka,0,2,2021-06-11,0,1,0
Slavia Mozyr,FC Minsk,1,2,2021-06-11,0,1,0
Energetyk-BDU,Gomel,3,2,2021-06-11,1,0,0
Bray,Shelbourne,1,4,2021-06-11,0,1,0
Wexford Yth,Treaty United,1,2,2021-06-11,0,1,0
UCD,Cobh,1,2,2021-06-11,0,1,0
Galway FC,Athlone Town,2,1,2021-06-11,1,0,0
Cork City,Cabinteely,0,2,2021-06-11,0,1,0
Dundalk,Waterford,1,3,2021-06-11,0,1,0
Derry City,Bohemians D.,1,1,2021-06-11,0,0,1
Shamrock R,Finn Harps,1,1,2021-06-11,0,0,1
